<?xml version = '1.0' encoding = 'UTF-8'?>
<Extract_Definition><DefinitionName>YK_HDL_PW_V1</DefinitionName><XmlTagName>YK_HDL_PW_V1</XmlTagName><ExtTypeCode>HRAR</ExtTypeCode><DateStart>2000-01-01</DateStart><Attribute14>EXL_INT</Attribute14><Status>A</Status><BaseDefinitionName>YK_HDL_PW_V1</BaseDefinitionName><IncludeChangesFromLastSuccessfulRun>N</IncludeChangesFromLastSuccessfulRun><LargeExtract>N</LargeExtract><ExtractVendor>ORA_REPORT</ExtractVendor><HideInternalUE>EXL_INT</HideInternalUE><Extract_Block><BaseUserEntityName>PER_EXT_RESET_UE</BaseUserEntityName><BlockName>PW_DG</BlockName><XmlTagName>PW_DG</XmlTagName><MainBlockFlag>Y</MainBlockFlag><BaseBlockName>PW_DG</BaseBlockName><Extract_Record><RecordName>PW_REC</RecordName><XmlTagName>PW_REC</XmlTagName><TypeCode>D</TypeCode><ProcessCode>FF</ProcessCode><FlexStructureCode>PW_REC</FlexStructureCode><Sequence>5</Sequence><LastRunExecutedMode>N</LastRunExecutedMode><OverflowMode>N</OverflowMode><BaseRecordName>PW_REC</BaseRecordName><EffectiveStartDate>2000-01-01</EffectiveStartDate></Extract_Record></Extract_Block><Delivery_Option><DateFrom>2000-01-01</DateFrom><DateTo>4712-12-31</DateTo><DeliveryOptionName>Data</DeliveryOptionName><DeliveryType>NONE</DeliveryType><CalendarCode>GREGORIAN</CalendarCode><OutputName>Data</OutputName><OutputType>XML</OutputType><MandatoryFlag>Y</MandatoryFlag><CreationDate>2025-09-07 20:46:43.537</CreationDate><Delivery_Option_Detail><OptionType>BURSTING</OptionType></Delivery_Option_Detail><Delivery_Option_Detail><OptionType>FILE_NAME_DE</OptionType></Delivery_Option_Detail><Delivery_Option_Detail><OptionType>KEY</OptionType></Delivery_Option_Detail><Delivery_Option_Detail><OptionType>LOCALE</OptionType></Delivery_Option_Detail><Delivery_Option_Detail><OptionType>OBJECT_ID</OptionType></Delivery_Option_Detail><Delivery_Option_Detail><OptionType>OBJECT_TYPE</OptionType></Delivery_Option_Detail><Delivery_Option_Detail><OptionType>SYSTEM_DOCUMENT_TYPE</OptionType></Delivery_Option_Detail><Delivery_Option_Detail><OptionType>TIMEZONE</OptionType></Delivery_Option_Detail><Delivery_Option_Detail><OptionType>ZIP</OptionType></Delivery_Option_Detail></Delivery_Option><Delivery_Option><DateFrom>2000-01-01</DateFrom><DateTo>4712-12-31</DateTo><BipReportName>Custom/Human Capital Management/Yas/Reports/HDL_PW_Report.xdo</BipReportName><BipTemplateName>HDL_eText</BipTemplateName><DeliveryOptionName>PW_eText</DeliveryOptionName><DeliveryType>NONE</DeliveryType><CalendarCode>GREGORIAN</CalendarCode><OutputName>PW_eText</OutputName><OutputType>TEXT</OutputType><MandatoryFlag>Y</MandatoryFlag><CreationDate>2025-09-07 20:45:48.114</CreationDate><Delivery_Option_Detail><OptionType>BURSTING</OptionType></Delivery_Option_Detail><Delivery_Option_Detail><OptionType>FILE_NAME_DE</OptionType></Delivery_Option_Detail><Delivery_Option_Detail><OptionType>KEY</OptionType></Delivery_Option_Detail><Delivery_Option_Detail><OptionType>LOCALE</OptionType></Delivery_Option_Detail><Delivery_Option_Detail><OptionType>OBJECT_ID</OptionType></Delivery_Option_Detail><Delivery_Option_Detail><OptionType>OBJECT_TYPE</OptionType></Delivery_Option_Detail><Delivery_Option_Detail><OptionType>SYSTEM_DOCUMENT_TYPE</OptionType></Delivery_Option_Detail><Delivery_Option_Detail><OptionType>TIMEZONE</OptionType></Delivery_Option_Detail><Delivery_Option_Detail><OptionType>ZIP</OptionType></Delivery_Option_Detail></Delivery_Option><Report_Category><CategoryName>YK_HDL_PW_V1</CategoryName><ShortName>EXT300000094460280</ShortName><DefaultCategory>Y</DefaultCategory><SourceRepCatId>300000094460289</SourceRepCatId><Report_Category_Component><DeliveryOptionName>PW_eText</DeliveryOptionName><DeliveryOptionName>Data</DeliveryOptionName></Report_Category_Component></Report_Category><Extract_Parameter><ParamName>Effective Date</ParamName><EssParamName>EFFECTIVE_DATE</EssParamName><XmlTagName>effective_date</XmlTagName><DataType>D</DataType><DescriptionInParam>Effective Date</DescriptionInParam><AllowedInExpression>Y</AllowedInExpression><Generated>Y</Generated><DisplayFlag>Y</DisplayFlag><ParamSequence>10</ParamSequence><ParamUsageType>INPUT</ParamUsageType></Extract_Parameter><Extract_Parameter><ParamName>Legislative Data Group</ParamName><EssParamName>LEGISLATIVE_DATA_GROUP_ID</EssParamName><XmlTagName>legislative_data_group_id</XmlTagName><DataType>N</DataType><DescriptionInParam>Legislative Data Group</DescriptionInParam><AllowedInExpression>Y</AllowedInExpression><Generated>Y</Generated><DisplayFlag>N</DisplayFlag><ParamSequence>20</ParamSequence><ParamUsageType>INPUT</ParamUsageType></Extract_Parameter><Extract_Parameter><ParamName>Parameter Group</ParamName><EssParamName>PARAMETER_GROUP_ID</EssParamName><XmlTagName>parameter_group_id</XmlTagName><DataType>N</DataType><DescriptionInParam>Parameter Group</DescriptionInParam><AllowedInExpression>N</AllowedInExpression><Generated>Y</Generated><DisplayFlag>N</DisplayFlag><ParamSequence>30</ParamSequence><ParamUsageType>INPUT</ParamUsageType></Extract_Parameter><Extract_Parameter><ParamName>Report Category</ParamName><EssParamName>REPORT_CATEGORY_ID</EssParamName><XmlTagName>report_category_id</XmlTagName><DataType>N</DataType><DescriptionInParam>Report Category</DescriptionInParam><AllowedInExpression>N</AllowedInExpression><Generated>Y</Generated><DisplayFlag>N</DisplayFlag><ParamSequence>40</ParamSequence><ParamUsageType>INPUT</ParamUsageType></Extract_Parameter><Extract_Parameter><ParamName>Request ID</ParamName><EssParamName>REQUEST_ID</EssParamName><XmlTagName>request_id</XmlTagName><DataType>N</DataType><DescriptionInParam>Request ID</DescriptionInParam><AllowedInExpression>N</AllowedInExpression><Generated>Y</Generated><DisplayFlag>N</DisplayFlag><ParamSequence>50</ParamSequence><ParamUsageType>INPUT</ParamUsageType></Extract_Parameter><Extract_Parameter><ParamName>Start Date</ParamName><EssParamName>START_DATE</EssParamName><XmlTagName>start_date</XmlTagName><DataType>D</DataType><DescriptionInParam>Start Date</DescriptionInParam><AllowedInExpression>Y</AllowedInExpression><Generated>Y</Generated><DisplayFlag>N</DisplayFlag><ParamSequence>60</ParamSequence><ParamUsageType>INPUT</ParamUsageType></Extract_Parameter></Extract_Definition>