<?xml version = '1.0' encoding = 'UTF-8'?>
<Extract_Definition><DefinitionName>YK_Seniority_Dates_EXT_V1</DefinitionName><XmlTagName>YK_Seniority_Dates_EXT_V1</XmlTagName><ExtTypeCode>HRAR</ExtTypeCode><DateStart>2000-01-01</DateStart><Attribute14>EXL_INT</Attribute14><Status>A</Status><BaseDefinitionName>YK_Seniority_Dates_EXT_V1</BaseDefinitionName><IncludeChangesFromLastSuccessfulRun>Y</IncludeChangesFromLastSuccessfulRun><LargeExtract>N</LargeExtract><ExtractVendor>ORA_REPORT</ExtractVendor><HideInternalUE>EXL_INT</HideInternalUE><Extract_Block><BaseUserEntityName>PER_EXT_PAY_EMPLOYEES_V2_UE</BaseUserEntityName><BlockName>Employee_UE</BlockName><XmlTagName>Employee_UE</XmlTagName><MainBlockFlag>Y</MainBlockFlag><MultiThreadActType>O</MultiThreadActType><UserName>PER_EXT_PAY_V2_HR_ASSIGNMENT_ID</UserName><BaseBlockName>Employee_UE</BaseBlockName><Block_Criteria><EffectiveStartDate>2000-01-01</EffectiveStartDate><CriteriaFlag>C</CriteriaFlag><CriteriaClob>pay_report_utils.get_parameter_value_date('effective_date') BETWEEN paaf.effective_start_date and paaf.effective_end_date</CriteriaClob><DispCriteriaExpClob>{EDITADV}</DispCriteriaExpClob></Block_Criteria><Extract_Record><RecordName>Emp_Rec</RecordName><XmlTagName>Emp_Rec</XmlTagName><TypeCode>D</TypeCode><ProcessCode>FF</ProcessCode><FlexStructureCode>Emp_Rec</FlexStructureCode><Sequence>5</Sequence><LastRunExecutedMode>N</LastRunExecutedMode><OverflowMode>N</OverflowMode><BaseRecordName>Emp_Rec</BaseRecordName><EffectiveStartDate>2000-01-01</EffectiveStartDate><Extract_DataElement><StartDate>2000-01-01</StartDate><DataElementName>Person_Id</DataElementName><BaseDataElementName>Person_Id</BaseDataElementName><ShortCode>Person_Id</ShortCode><TypeCode>F</TypeCode><DataType>N</DataType><XmlTagName>Person_Id</XmlTagName><InformationColumn>5</InformationColumn><InformationLabel>Person_Id</InformationLabel><GroupName>Assignment Person ID</GroupName><BaseGroupName>Assignment Person ID</BaseGroupName></Extract_DataElement></Extract_Record><Extract_Record><RecordName>SDT_DG_h</RecordName><XmlTagName>SDT_DG_h</XmlTagName><TypeCode>O</TypeCode><Sequence>10</Sequence><LastRunExecutedMode>N</LastRunExecutedMode><OverflowMode>N</OverflowMode><NextBlockId>SDT_DG</NextBlockId><BaseRecordName>SDT_DG_h</BaseRecordName><EffectiveStartDate>2000-01-01</EffectiveStartDate></Extract_Record></Extract_Block><Extract_Block><BaseUserEntityName>PER_SENIORITY_DATES_V3_UE</BaseUserEntityName><BlockName>SDT_DG</BlockName><XmlTagName>SDT_DG</XmlTagName><BaseBlockName>SDT_DG</BaseBlockName><Block_Link><ParentBlockId>Employee_UE</ParentBlockId><UserName1>PER_EXT_PAY_V2_PERSON_ID</UserName1><UserName>PER_SENDT_F_V3_PERSON_ID</UserName></Block_Link><Block_Criteria><EffectiveStartDate>2000-01-01</EffectiveStartDate><CriteriaFlag>C</CriteriaFlag><CriteriaClob>psdf.Seniority_date_code IN('Benefit Service Date')
AND pay_report_utils.get_parameter_value_date('effective_date') BETWEEN psdf.effective_start_date and psdf.effective_end_date
AND psdf.effective_start_date = (SELECT MAX(psdf1.effective_start_date)
                                                      FROM PER_SENIORITY_DATES_F psdf1
                                                      WHERE psdf1.person_id = psdf.person_id
                                                       AND psdf1.seniority_date_code = psdf.seniority_date_code
                                                       AND pay_report_utils.get_parameter_value_date('EFFECTIVE_DATE') BETWEEN psdf1.effective_start_date and psdf1.effective_end_date)</CriteriaClob><DispCriteriaExpClob>{EDITADV}</DispCriteriaExpClob></Block_Criteria><Extract_Record><RecordName>SDT_REC</RecordName><XmlTagName>SDT_REC</XmlTagName><TypeCode>D</TypeCode><ProcessCode>FF</ProcessCode><FlexStructureCode>SDT_REC</FlexStructureCode><Sequence>5</Sequence><LastRunExecutedMode>N</LastRunExecutedMode><OverflowMode>N</OverflowMode><BaseRecordName>SDT_REC</BaseRecordName><EffectiveStartDate>2000-01-01</EffectiveStartDate><Extract_DataElement><StartDate>2000-01-01</StartDate><DataElementName>SDT_PERSON_ID</DataElementName><BaseDataElementName>SDT_PERSON_ID</BaseDataElementName><ShortCode>SDT_PERSON_ID</ShortCode><TypeCode>F</TypeCode><DataType>N</DataType><XmlTagName>SDT_PERSON_ID</XmlTagName><InformationColumn>5</InformationColumn><InformationLabel>SDT_PERSON_ID</InformationLabel><GroupName>Extract Employee V2 Person ID</GroupName><BaseGroupName>PER_EXT_PAY_V2_PERSON_ID</BaseGroupName><KeyFlag>Y</KeyFlag><AlwaysDisplay>Y</AlwaysDisplay></Extract_DataElement><Extract_DataElement><StartDate>2000-01-01</StartDate><DataElementName>Seniority_Date</DataElementName><BaseDataElementName>Seniority_Date</BaseDataElementName><ShortCode>Seniority_Date</ShortCode><TypeCode>F</TypeCode><DataType>D</DataType><XmlTagName>Seniority_Date</XmlTagName><InformationColumn>10</InformationColumn><InformationLabel>Seniority_Date</InformationLabel><GroupName>Person Seniority Dates V3 Seniority Date</GroupName><BaseGroupName>PER_SENDT_F_V3_SENIORITY_DATE</BaseGroupName><MarkAsChanged>Y</MarkAsChanged></Extract_DataElement><Extract_DataElement><StartDate>2000-01-01</StartDate><DataElementName>SDT_Code</DataElementName><BaseDataElementName>SDT_Code</BaseDataElementName><ShortCode>SDT_Code</ShortCode><TypeCode>F</TypeCode><DataType>T</DataType><XmlTagName>SDT_Code</XmlTagName><InformationColumn>15</InformationColumn><InformationLabel>SDT_Code</InformationLabel><GroupName>Person Seniority Dates V3 Seniority Date Code</GroupName><BaseGroupName>PER_SENDT_F_V3_SENIORITY_DATE_CODE</BaseGroupName><MarkAsChanged>Y</MarkAsChanged></Extract_DataElement><Extract_DataElement><StartDate>2000-01-01</StartDate><DataElementName>SDT_Person_Name</DataElementName><BaseDataElementName>SDT_Person_Name</BaseDataElementName><ShortCode>SDT_Person_Name</ShortCode><TypeCode>F</TypeCode><DataType>T</DataType><XmlTagName>SDT_Person_Name</XmlTagName><InformationColumn>20</InformationColumn><InformationLabel>SDT_Person_Name</InformationLabel><GroupName>Person Display Name</GroupName><BaseGroupName>Person Display Name</BaseGroupName></Extract_DataElement><Extract_DataElement><StartDate>2000-01-01</StartDate><DataElementName>Person Number</DataElementName><BaseDataElementName>Person Number</BaseDataElementName><ShortCode>Person_Number</ShortCode><TypeCode>F</TypeCode><DataType>T</DataType><XmlTagName>Person_Number</XmlTagName><InformationColumn>50</InformationColumn><InformationLabel>Person_Number</InformationLabel><GroupName>Person Number</GroupName><BaseGroupName>Person Person Number</BaseGroupName><AlwaysDisplay>Y</AlwaysDisplay></Extract_DataElement></Extract_Record></Extract_Block><Delivery_Option><DateFrom>2000-01-01</DateFrom><DateTo>4712-12-31</DateTo><DeliveryOptionName>Data_xml</DeliveryOptionName><DeliveryType>NONE</DeliveryType><CalendarCode>GREGORIAN</CalendarCode><OutputName>Data_xml</OutputName><OutputType>XML</OutputType><MandatoryFlag>Y</MandatoryFlag><CreationDate>2025-08-30 07:07:34.236</CreationDate><Delivery_Option_Detail><OptionType>BURSTING</OptionType></Delivery_Option_Detail><Delivery_Option_Detail><OptionType>FILE_NAME_DE</OptionType></Delivery_Option_Detail><Delivery_Option_Detail><OptionType>KEY</OptionType></Delivery_Option_Detail><Delivery_Option_Detail><OptionType>LOCALE</OptionType></Delivery_Option_Detail><Delivery_Option_Detail><OptionType>OBJECT_ID</OptionType></Delivery_Option_Detail><Delivery_Option_Detail><OptionType>OBJECT_TYPE</OptionType></Delivery_Option_Detail><Delivery_Option_Detail><OptionType>SYSTEM_DOCUMENT_TYPE</OptionType></Delivery_Option_Detail><Delivery_Option_Detail><OptionType>TIMEZONE</OptionType></Delivery_Option_Detail><Delivery_Option_Detail><OptionType>ZIP</OptionType></Delivery_Option_Detail></Delivery_Option><Delivery_Option><DateFrom>2000-01-01</DateFrom><DateTo>4712-12-31</DateTo><BipReportName>Custom/Human Capital Management/Yas/SDT_Report.xdo</BipReportName><BipTemplateName>SDT_TEMP</BipTemplateName><DeliveryOptionName>Senoirity_Dates_Data</DeliveryOptionName><DeliveryType>NONE</DeliveryType><CalendarCode>GREGORIAN</CalendarCode><OutputName>Senoirity_Dates_Data</OutputName><OutputType>TEXT</OutputType><MandatoryFlag>Y</MandatoryFlag><CreationDate>2025-08-30 07:23:38.0</CreationDate><Delivery_Option_Detail><OptionType>BURSTING</OptionType></Delivery_Option_Detail><Delivery_Option_Detail><OptionType>FILE_NAME_DE</OptionType></Delivery_Option_Detail><Delivery_Option_Detail><OptionType>KEY</OptionType></Delivery_Option_Detail><Delivery_Option_Detail><OptionType>LOCALE</OptionType></Delivery_Option_Detail><Delivery_Option_Detail><OptionType>OBJECT_ID</OptionType></Delivery_Option_Detail><Delivery_Option_Detail><OptionType>OBJECT_TYPE</OptionType></Delivery_Option_Detail><Delivery_Option_Detail><OptionType>SYSTEM_DOCUMENT_TYPE</OptionType></Delivery_Option_Detail><Delivery_Option_Detail><OptionType>TIMEZONE</OptionType></Delivery_Option_Detail><Delivery_Option_Detail><OptionType>ZIP</OptionType></Delivery_Option_Detail></Delivery_Option><Report_Category><CategoryName>YK_Seniority_Dates_EXT_V1</CategoryName><ShortName>EXT300000093523773</ShortName><DefaultCategory>Y</DefaultCategory><SourceRepCatId>300000093523784</SourceRepCatId><Report_Category_Component><DeliveryOptionName>Senoirity_Dates_Data</DeliveryOptionName><DeliveryOptionName>Data_xml</DeliveryOptionName></Report_Category_Component></Report_Category><Extract_Parameter><ParamName>Baseline Only</ParamName><EssParamName>BASELINE_ONLY</EssParamName><XmlTagName>baseline_only</XmlTagName><DataType>T</DataType><DescriptionInParam>Baseline Only</DescriptionInParam><AllowedInExpression>Y</AllowedInExpression><Generated>Y</Generated><DisplayFlag>Y</DisplayFlag><ParamDispType>LK</ParamDispType><ParamLookup>YES_NO</ParamLookup><ParamSequence>10</ParamSequence><ParamUsageType>INPUT</ParamUsageType></Extract_Parameter><Extract_Parameter><ParamName>Changes Only</ParamName><EssParamName>CHANGES_ONLY</EssParamName><XmlTagName>changes_only</XmlTagName><DataType>T</DataType><DescriptionInParam>Changes Only</DescriptionInParam><AllowedInExpression>Y</AllowedInExpression><Generated>Y</Generated><DisplayFlag>Y</DisplayFlag><ParamDispType>LK</ParamDispType><ParamLookup>PER_EXT_CHANGES_ONLY</ParamLookup><ParamSequence>20</ParamSequence><ParamUsageType>INPUT</ParamUsageType></Extract_Parameter><Extract_Parameter><ParamName>Effective Date</ParamName><EssParamName>EFFECTIVE_DATE</EssParamName><XmlTagName>effective_date</XmlTagName><DataType>D</DataType><DescriptionInParam>Effective Date</DescriptionInParam><AllowedInExpression>Y</AllowedInExpression><Generated>Y</Generated><DisplayFlag>Y</DisplayFlag><ParamSequence>30</ParamSequence><ParamUsageType>INPUT</ParamUsageType></Extract_Parameter><Extract_Parameter><ParamName>Legislative Data Group</ParamName><EssParamName>LEGISLATIVE_DATA_GROUP_ID</EssParamName><XmlTagName>legislative_data_group_id</XmlTagName><DataType>N</DataType><DescriptionInParam>Legislative Data Group</DescriptionInParam><AllowedInExpression>Y</AllowedInExpression><Generated>Y</Generated><DisplayFlag>N</DisplayFlag><ParamSequence>40</ParamSequence><ParamUsageType>INPUT</ParamUsageType></Extract_Parameter><Extract_Parameter><ParamName>Parameter Group</ParamName><EssParamName>PARAMETER_GROUP_ID</EssParamName><XmlTagName>parameter_group_id</XmlTagName><DataType>N</DataType><DescriptionInParam>Parameter Group</DescriptionInParam><AllowedInExpression>N</AllowedInExpression><Generated>Y</Generated><DisplayFlag>N</DisplayFlag><ParamSequence>50</ParamSequence><ParamUsageType>INPUT</ParamUsageType></Extract_Parameter><Extract_Parameter><ParamName>Report Category</ParamName><EssParamName>REPORT_CATEGORY_ID</EssParamName><XmlTagName>report_category_id</XmlTagName><DataType>N</DataType><DescriptionInParam>Report Category</DescriptionInParam><AllowedInExpression>N</AllowedInExpression><Generated>Y</Generated><DisplayFlag>N</DisplayFlag><ParamSequence>60</ParamSequence><ParamUsageType>INPUT</ParamUsageType></Extract_Parameter><Extract_Parameter><ParamName>Request ID</ParamName><EssParamName>REQUEST_ID</EssParamName><XmlTagName>request_id</XmlTagName><DataType>N</DataType><DescriptionInParam>Request ID</DescriptionInParam><AllowedInExpression>N</AllowedInExpression><Generated>Y</Generated><DisplayFlag>N</DisplayFlag><ParamSequence>70</ParamSequence><ParamUsageType>INPUT</ParamUsageType></Extract_Parameter><Extract_Parameter><ParamName>Start Date</ParamName><EssParamName>START_DATE</EssParamName><XmlTagName>start_date</XmlTagName><DataType>D</DataType><DescriptionInParam>Start Date</DescriptionInParam><AllowedInExpression>Y</AllowedInExpression><Generated>Y</Generated><DisplayFlag>N</DisplayFlag><ParamSequence>80</ParamSequence><ParamUsageType>INPUT</ParamUsageType></Extract_Parameter></Extract_Definition>