<?xml version = '1.0' encoding = 'UTF-8'?>
<Extract_Definition><DefinitionName>YK_EXT_I002_EMP_DETAILS_V1</DefinitionName><XmlTagName>YK_EXT_I002_EMP_DETAILS_V1</XmlTagName><ExtTypeCode>HRAR</ExtTypeCode><DateStart>2000-01-01</DateStart><Attribute14>EXL_INT</Attribute14><Status>A</Status><BaseDefinitionName>YK_EXT_I002_EMP_DETAILS_V1</BaseDefinitionName><IncludeChangesFromLastSuccessfulRun>N</IncludeChangesFromLastSuccessfulRun><LargeExtract>N</LargeExtract><ExtractVendor>ORA_REPORT</ExtractVendor><HideInternalUE>EXL_INT</HideInternalUE><Extract_Block><BaseUserEntityName>PER_EXT_PAY_EMPLOYEES_V2_UE</BaseUserEntityName><BlockName>I002_DG</BlockName><XmlTagName>I002_DG</XmlTagName><MainBlockFlag>Y</MainBlockFlag><MultiThreadActType>O</MultiThreadActType><UserName>PER_EXT_PAY_V2_HR_ASSIGNMENT_ID</UserName><BaseBlockName>I002_DG</BaseBlockName><Extract_Record><RecordName>I002_Rec</RecordName><XmlTagName>I002_Rec</XmlTagName><TypeCode>D</TypeCode><ProcessCode>FF</ProcessCode><FlexStructureCode>I002_Rec</FlexStructureCode><Sequence>5</Sequence><LastRunExecutedMode>N</LastRunExecutedMode><OverflowMode>N</OverflowMode><BaseRecordName>I002_Rec</BaseRecordName><EffectiveStartDate>2000-01-01</EffectiveStartDate><Extract_DataElement><StartDate>2000-01-01</StartDate><DataElementName>Institute Id</DataElementName><BaseDataElementName>Institute Id</BaseDataElementName><ShortCode>Institute_Id</ShortCode><TypeCode>S</TypeCode><DataType>T</DataType><XmlTagName>Institute_Id</XmlTagName><InformationColumn>5</InformationColumn><InformationLabel>Institute_Id</InformationLabel><StringValue>MHS</StringValue></Extract_DataElement><Extract_DataElement><StartDate>2000-01-01</StartDate><DataElementName>Last Name</DataElementName><BaseDataElementName>Last Name</BaseDataElementName><ShortCode>Last_Name</ShortCode><TypeCode>F</TypeCode><DataType>T</DataType><XmlTagName>Last_Name</XmlTagName><InformationColumn>10</InformationColumn><InformationLabel>Last_Name</InformationLabel><GroupName>Person Last Name</GroupName><BaseGroupName>Person Last Name</BaseGroupName></Extract_DataElement><Extract_DataElement><StartDate>2000-01-01</StartDate><DataElementName>First Name</DataElementName><BaseDataElementName>First Name</BaseDataElementName><ShortCode>First_Name</ShortCode><TypeCode>F</TypeCode><DataType>T</DataType><XmlTagName>First_Name</XmlTagName><InformationColumn>15</InformationColumn><InformationLabel>First_Name</InformationLabel><GroupName>Person First Name</GroupName><BaseGroupName>Person First Name</BaseGroupName></Extract_DataElement><Extract_DataElement><StartDate>2000-01-01</StartDate><DataElementName>Middle Name</DataElementName><BaseDataElementName>Middle Name</BaseDataElementName><ShortCode>Middle_Name</ShortCode><TypeCode>F</TypeCode><DataType>T</DataType><XmlTagName>Middle_Name</XmlTagName><InformationColumn>20</InformationColumn><InformationLabel>Middle_Name</InformationLabel><GroupName>Person Middle Name</GroupName><BaseGroupName>Person Middle Name</BaseGroupName></Extract_DataElement><Extract_DataElement><StartDate>2000-01-01</StartDate><DataElementName>User Name</DataElementName><BaseDataElementName>User Name</BaseDataElementName><ShortCode>User_Name</ShortCode><TypeCode>F</TypeCode><DataType>T</DataType><XmlTagName>User_Name</XmlTagName><InformationColumn>30</InformationColumn><InformationLabel>User_Name</InformationLabel><GroupName>Person User Name</GroupName><BaseGroupName>Person User Name</BaseGroupName></Extract_DataElement><Extract_DataElement><StartDate>2000-01-01</StartDate><DataElementName>Dept Name</DataElementName><BaseDataElementName>Dept Name</BaseDataElementName><ShortCode>Dept_Name</ShortCode><TypeCode>F</TypeCode><DataType>T</DataType><XmlTagName>Dept_Name</XmlTagName><InformationColumn>35</InformationColumn><InformationLabel>Dept_Name</InformationLabel><GroupName>Assignment Department Name</GroupName><BaseGroupName>Assignment Department Name</BaseGroupName></Extract_DataElement><Extract_DataElement><StartDate>2000-01-01</StartDate><DataElementName>Assignment Status</DataElementName><BaseDataElementName>Assignment Status</BaseDataElementName><ShortCode>Assignment_Status</ShortCode><TypeCode>F</TypeCode><DataType>T</DataType><XmlTagName>Assignment_Status</XmlTagName><InformationColumn>40</InformationColumn><InformationLabel>Assignment_Status</InformationLabel><GroupName>Assignment Status Type Code</GroupName><BaseGroupName>Assignment Status Type Code</BaseGroupName></Extract_DataElement><Extract_DataElement><StartDate>2000-01-01</StartDate><DataElementName>Job Title</DataElementName><BaseDataElementName>Job Title</BaseDataElementName><ShortCode>Job_Title</ShortCode><TypeCode>F</TypeCode><DataType>T</DataType><XmlTagName>Job_Title</XmlTagName><InformationColumn>45</InformationColumn><InformationLabel>Job_Title</InformationLabel><GroupName>Assignment Job Name</GroupName><BaseGroupName>Assignment Job Name</BaseGroupName></Extract_DataElement><Extract_DataElement><StartDate>2000-01-01</StartDate><DataElementName>User Mail Address</DataElementName><BaseDataElementName>User Mail Address</BaseDataElementName><ShortCode>User_Mail_Address</ShortCode><TypeCode>F</TypeCode><DataType>T</DataType><XmlTagName>User_Mail_Address</XmlTagName><InformationColumn>50</InformationColumn><InformationLabel>User_Mail_Address</InformationLabel><GroupName>Person E-Mail Address</GroupName><BaseGroupName>Person E-Mail Address</BaseGroupName></Extract_DataElement><Extract_DataElement><StartDate>2000-01-01</StartDate><DataElementName>Gender</DataElementName><BaseDataElementName>Gender</BaseDataElementName><ShortCode>Gender</ShortCode><TypeCode>F</TypeCode><DataType>T</DataType><XmlTagName>Gender</XmlTagName><InformationColumn>55</InformationColumn><InformationLabel>Gender</InformationLabel><GroupName>Person Gender Meaning</GroupName><BaseGroupName>Person Gender Meaning</BaseGroupName></Extract_DataElement><Extract_DataElement><StartDate>2000-01-01</StartDate><DataElementName>Supervisor</DataElementName><BaseDataElementName>Supervisor</BaseDataElementName><ShortCode>Supervisor</ShortCode><TypeCode>F</TypeCode><DataType>N</DataType><XmlTagName>Supervisor</XmlTagName><InformationColumn>60</InformationColumn><InformationLabel>Supervisor</InformationLabel><GroupName>Assignment Manager Assignment Supervisor ID</GroupName><BaseGroupName>Assignment Manager Assignment Supervisor ID</BaseGroupName></Extract_DataElement><Extract_DataElement><StartDate>2000-01-01</StartDate><DataElementName>FTE</DataElementName><BaseDataElementName>FTE</BaseDataElementName><ShortCode>FTE</ShortCode><TypeCode>F</TypeCode><DataType>N</DataType><XmlTagName>FTE</XmlTagName><InformationColumn>70</InformationColumn><InformationLabel>FTE</InformationLabel><GroupName>Assignment FTE Value</GroupName><BaseGroupName>Assignment FTE Value</BaseGroupName></Extract_DataElement><Extract_DataElement><StartDate>2000-01-01</StartDate><DataElementName>NID</DataElementName><BaseDataElementName>NID</BaseDataElementName><ShortCode>NID</ShortCode><TypeCode>F</TypeCode><DataType>T</DataType><XmlTagName>NID</XmlTagName><InformationColumn>75</InformationColumn><InformationLabel>NID</InformationLabel><GroupName>Person Primary NID</GroupName><BaseGroupName>Person Primary NID</BaseGroupName></Extract_DataElement><Extract_DataElement><StartDate>2000-01-01</StartDate><DataElementName>Person Id</DataElementName><BaseDataElementName>Person Id</BaseDataElementName><ShortCode>Person_Id</ShortCode><TypeCode>F</TypeCode><DataType>N</DataType><XmlTagName>Person_Id</XmlTagName><InformationColumn>80</InformationColumn><InformationLabel>Person_Id</InformationLabel><GroupName>Assignment Person ID</GroupName><BaseGroupName>Assignment Person ID</BaseGroupName><HideFlagInElement>Y</HideFlagInElement></Extract_DataElement><Extract_DataElement><StartDate>2000-01-01</StartDate><DataElementName>Dept Code</DataElementName><BaseDataElementName>Dept Code</BaseDataElementName><ShortCode>Dept_Code</ShortCode><TypeCode>R</TypeCode><DataType>T</DataType><XmlTagName>Dept_Code</XmlTagName><InformationColumn>100</InformationColumn><InformationLabel>Dept_Code</InformationLabel><FormulaName>YK_I002_DEPT_CODE_FF</FormulaName></Extract_DataElement><Extract_DataElement><StartDate>2000-01-01</StartDate><DataElementName>Job Code</DataElementName><BaseDataElementName>Job Code</BaseDataElementName><ShortCode>Job_Code</ShortCode><TypeCode>R</TypeCode><DataType>T</DataType><XmlTagName>Job_Code</XmlTagName><InformationColumn>110</InformationColumn><InformationLabel>Job_Code</InformationLabel><FormulaName>YK_I002_JOB_CODE_FF</FormulaName></Extract_DataElement><Extract_DataElement><StartDate>2000-01-01</StartDate><DataElementName>Date of Birth</DataElementName><BaseDataElementName>Date of Birth</BaseDataElementName><ShortCode>Date_of_Birth</ShortCode><TypeCode>R</TypeCode><DataType>T</DataType><XmlTagName>Date_of_Birth</XmlTagName><InformationColumn>120</InformationColumn><InformationLabel>Date_of_Birth</InformationLabel><FormulaName>YK_I002_DOB_FF</FormulaName></Extract_DataElement><Extract_DataElement><StartDate>2000-01-01</StartDate><DataElementName>Hire Date</DataElementName><BaseDataElementName>Hire Date</BaseDataElementName><ShortCode>Hire_Date</ShortCode><TypeCode>R</TypeCode><DataType>T</DataType><XmlTagName>Hire_Date</XmlTagName><InformationColumn>130</InformationColumn><InformationLabel>Hire_Date</InformationLabel><FormulaName>YK_I002_HIRE_DATE_FF</FormulaName></Extract_DataElement><Extract_DataElement><StartDate>2000-01-01</StartDate><DataElementName>Years of Experience</DataElementName><BaseDataElementName>Years of Experience</BaseDataElementName><ShortCode>YOE</ShortCode><TypeCode>R</TypeCode><DataType>T</DataType><XmlTagName>YOE</XmlTagName><InformationColumn>140</InformationColumn><InformationLabel>Years_of_Experience</InformationLabel><FormulaName>YK_I002_YOE_FF</FormulaName></Extract_DataElement></Extract_Record></Extract_Block><Delivery_Option><DateFrom>2000-01-01</DateFrom><DateTo>4712-12-31</DateTo><DeliveryOptionName>DATA_XML</DeliveryOptionName><DeliveryType>NONE</DeliveryType><CalendarCode>GREGORIAN</CalendarCode><OutputName>DATA_XML</OutputName><OutputType>XML</OutputType><MandatoryFlag>Y</MandatoryFlag><CreationDate>2025-08-17 18:23:38.619</CreationDate><Delivery_Option_Detail><OptionType>BURSTING</OptionType></Delivery_Option_Detail><Delivery_Option_Detail><OptionType>FILE_NAME_DE</OptionType></Delivery_Option_Detail><Delivery_Option_Detail><OptionType>KEY</OptionType></Delivery_Option_Detail><Delivery_Option_Detail><OptionType>LOCALE</OptionType></Delivery_Option_Detail><Delivery_Option_Detail><OptionType>OBJECT_ID</OptionType></Delivery_Option_Detail><Delivery_Option_Detail><OptionType>OBJECT_TYPE</OptionType></Delivery_Option_Detail><Delivery_Option_Detail><OptionType>SYSTEM_DOCUMENT_TYPE</OptionType></Delivery_Option_Detail><Delivery_Option_Detail><OptionType>TIMEZONE</OptionType></Delivery_Option_Detail><Delivery_Option_Detail><OptionType>ZIP</OptionType></Delivery_Option_Detail></Delivery_Option><Delivery_Option><DateFrom>2000-01-01</DateFrom><DateTo>4712-12-31</DateTo><BipReportName>Custom/Human Capital Management/Yas/YK_I002_Report.xdo</BipReportName><BipTemplateName>YK_I002</BipTemplateName><DeliveryOptionName>YK_EXT_I002_RTF</DeliveryOptionName><DeliveryType>NONE</DeliveryType><CalendarCode>GREGORIAN</CalendarCode><OutputName>YK_EXT_I002_RTF</OutputName><OutputType>XLSX</OutputType><MandatoryFlag>Y</MandatoryFlag><CreationDate>2025-08-17 19:18:47.0</CreationDate><Delivery_Option_Detail><OptionType>BURSTING</OptionType></Delivery_Option_Detail><Delivery_Option_Detail><OptionType>FILE_NAME_DE</OptionType></Delivery_Option_Detail><Delivery_Option_Detail><OptionType>KEY</OptionType></Delivery_Option_Detail><Delivery_Option_Detail><OptionType>LOCALE</OptionType></Delivery_Option_Detail><Delivery_Option_Detail><OptionType>OBJECT_ID</OptionType></Delivery_Option_Detail><Delivery_Option_Detail><OptionType>OBJECT_TYPE</OptionType></Delivery_Option_Detail><Delivery_Option_Detail><OptionType>SYSTEM_DOCUMENT_TYPE</OptionType></Delivery_Option_Detail><Delivery_Option_Detail><OptionType>TIMEZONE</OptionType></Delivery_Option_Detail><Delivery_Option_Detail><OptionType>ZIP</OptionType></Delivery_Option_Detail></Delivery_Option><Delivery_Option><DateFrom>2000-01-01</DateFrom><DateTo>4712-12-31</DateTo><BipReportName>Custom/Human Capital Management/Yas/YK_I002_Report.xdo</BipReportName><BipTemplateName>I002_eText</BipTemplateName><DeliveryOptionName>YK_I002_eText</DeliveryOptionName><DeliveryType>NONE</DeliveryType><CalendarCode>GREGORIAN</CalendarCode><OutputName>YK_I002_eText</OutputName><OutputType>TEXT</OutputType><MandatoryFlag>Y</MandatoryFlag><CreationDate>2025-08-17 19:23:26.116</CreationDate><Delivery_Option_Detail><OptionType>BURSTING</OptionType></Delivery_Option_Detail><Delivery_Option_Detail><OptionType>FILE_NAME_DE</OptionType></Delivery_Option_Detail><Delivery_Option_Detail><OptionType>KEY</OptionType></Delivery_Option_Detail><Delivery_Option_Detail><OptionType>LOCALE</OptionType></Delivery_Option_Detail><Delivery_Option_Detail><OptionType>OBJECT_ID</OptionType></Delivery_Option_Detail><Delivery_Option_Detail><OptionType>OBJECT_TYPE</OptionType></Delivery_Option_Detail><Delivery_Option_Detail><OptionType>SYSTEM_DOCUMENT_TYPE</OptionType></Delivery_Option_Detail><Delivery_Option_Detail><OptionType>TIMEZONE</OptionType></Delivery_Option_Detail><Delivery_Option_Detail><OptionType>ZIP</OptionType></Delivery_Option_Detail></Delivery_Option><Report_Category><CategoryName>YK_EXT_I002_EMP_DETAILS_V1</CategoryName><ShortName>EXT300000090369955</ShortName><DefaultCategory>Y</DefaultCategory><SourceRepCatId>300000090369964</SourceRepCatId><Report_Category_Component><DeliveryOptionName>YK_EXT_I002_RTF</DeliveryOptionName><DeliveryOptionName>YK_I002_eText</DeliveryOptionName><DeliveryOptionName>DATA_XML</DeliveryOptionName></Report_Category_Component></Report_Category><Extract_Parameter><ParamName>Effective Date</ParamName><EssParamName>EFFECTIVE_DATE</EssParamName><XmlTagName>effective_date</XmlTagName><DataType>D</DataType><DescriptionInParam>Effective Date</DescriptionInParam><AllowedInExpression>Y</AllowedInExpression><Generated>Y</Generated><DisplayFlag>Y</DisplayFlag><ParamSequence>10</ParamSequence><ParamUsageType>INPUT</ParamUsageType></Extract_Parameter><Extract_Parameter><ParamName>Legislative Data Group</ParamName><EssParamName>LEGISLATIVE_DATA_GROUP_ID</EssParamName><XmlTagName>legislative_data_group_id</XmlTagName><DataType>N</DataType><DescriptionInParam>Legislative Data Group</DescriptionInParam><AllowedInExpression>Y</AllowedInExpression><Generated>Y</Generated><DisplayFlag>N</DisplayFlag><ParamSequence>20</ParamSequence><ParamUsageType>INPUT</ParamUsageType></Extract_Parameter><Extract_Parameter><ParamName>Parameter Group</ParamName><EssParamName>PARAMETER_GROUP_ID</EssParamName><XmlTagName>parameter_group_id</XmlTagName><DataType>N</DataType><DescriptionInParam>Parameter Group</DescriptionInParam><AllowedInExpression>N</AllowedInExpression><Generated>Y</Generated><DisplayFlag>N</DisplayFlag><ParamSequence>30</ParamSequence><ParamUsageType>INPUT</ParamUsageType></Extract_Parameter><Extract_Parameter><ParamName>Report Category</ParamName><EssParamName>REPORT_CATEGORY_ID</EssParamName><XmlTagName>report_category_id</XmlTagName><DataType>N</DataType><DescriptionInParam>Report Category</DescriptionInParam><AllowedInExpression>N</AllowedInExpression><Generated>Y</Generated><DisplayFlag>N</DisplayFlag><ParamSequence>40</ParamSequence><ParamUsageType>INPUT</ParamUsageType></Extract_Parameter><Extract_Parameter><ParamName>Request ID</ParamName><EssParamName>REQUEST_ID</EssParamName><XmlTagName>request_id</XmlTagName><DataType>N</DataType><DescriptionInParam>Request ID</DescriptionInParam><AllowedInExpression>N</AllowedInExpression><Generated>Y</Generated><DisplayFlag>N</DisplayFlag><ParamSequence>50</ParamSequence><ParamUsageType>INPUT</ParamUsageType></Extract_Parameter><Extract_Parameter><ParamName>Start Date</ParamName><EssParamName>START_DATE</EssParamName><XmlTagName>start_date</XmlTagName><DataType>D</DataType><DescriptionInParam>Start Date</DescriptionInParam><AllowedInExpression>Y</AllowedInExpression><Generated>Y</Generated><DisplayFlag>N</DisplayFlag><ParamSequence>60</ParamSequence><ParamUsageType>INPUT</ParamUsageType></Extract_Parameter></Extract_Definition>