<?xml version = '1.0' encoding = 'UTF-8'?>
<Extract_Definition><DefinitionName>YK_HR_I001_Emp_Details</DefinitionName><XmlTagName>I001_EXT</XmlTagName><ExtTypeCode>HRAR</ExtTypeCode><DateStart>2000-01-01</DateStart><Attribute14>EXL_INT</Attribute14><Status>A</Status><BaseDefinitionName>YK_HR_I001_Emp_Details</BaseDefinitionName><IncludeChangesFromLastSuccessfulRun>N</IncludeChangesFromLastSuccessfulRun><LargeExtract>N</LargeExtract><ExtractVendor>ORA_REPORT</ExtractVendor><HideInternalUE>EXL_INT</HideInternalUE><Extract_Block><BaseUserEntityName>PER_EXT_PAY_EMPLOYEES_V2_UE</BaseUserEntityName><BlockName>I001_DG</BlockName><XmlTagName>I001_DG</XmlTagName><MainBlockFlag>Y</MainBlockFlag><MultiThreadActType>O</MultiThreadActType><UserName>PER_EXT_PAY_V2_HR_ASSIGNMENT_ID</UserName><BaseBlockName>I001_DG</BaseBlockName><Block_Criteria><EffectiveStartDate>2000-01-01</EffectiveStartDate><CriteriaFlag>C</CriteriaFlag><CriteriaClob/><DispCriteriaExpClob>{EDITADV}</DispCriteriaExpClob></Block_Criteria><Extract_Record><RecordName>I001_REC</RecordName><XmlTagName>I001_REC</XmlTagName><TypeCode>D</TypeCode><ProcessCode>FF</ProcessCode><FlexStructureCode>I001_REC</FlexStructureCode><Sequence>5</Sequence><LastRunExecutedMode>N</LastRunExecutedMode><OverflowMode>N</OverflowMode><BaseRecordName>I001_REC</BaseRecordName><EffectiveStartDate>2000-01-01</EffectiveStartDate><Extract_DataElement><StartDate>2000-01-01</StartDate><DataElementName>Assignment_ID</DataElementName><BaseDataElementName>Assignment_ID</BaseDataElementName><ShortCode>Assignment_ID</ShortCode><TypeCode>F</TypeCode><DataType>N</DataType><XmlTagName>Assignment_ID</XmlTagName><InformationColumn>5</InformationColumn><InformationLabel>Assignment_ID</InformationLabel><GroupName>Extract Employee V2 Assignment ID</GroupName><BaseGroupName>PER_EXT_PAY_V2_HR_ASSIGNMENT_ID</BaseGroupName></Extract_DataElement><Extract_DataElement><StartDate>2000-01-01</StartDate><DataElementName>BU_NAME</DataElementName><BaseDataElementName>BU_NAME</BaseDataElementName><ShortCode>BU_NAME</ShortCode><TypeCode>F</TypeCode><DataType>T</DataType><XmlTagName>BU_NAME</XmlTagName><InformationColumn>10</InformationColumn><InformationLabel>BU_NAME</InformationLabel><GroupName>Assignment Business Unit Name</GroupName><BaseGroupName>Assignment Business Unit Name</BaseGroupName></Extract_DataElement><Extract_DataElement><StartDate>2000-01-01</StartDate><DataElementName>Person_User_Name</DataElementName><BaseDataElementName>Person_User_Name</BaseDataElementName><ShortCode>Person_User_Name</ShortCode><TypeCode>F</TypeCode><DataType>T</DataType><XmlTagName>Person_User_Name</XmlTagName><InformationColumn>15</InformationColumn><InformationLabel>Person_User_Name</InformationLabel><GroupName>Person User Name</GroupName><BaseGroupName>Person User Name</BaseGroupName></Extract_DataElement><Extract_DataElement><StartDate>2000-01-01</StartDate><DataElementName>Person_Number</DataElementName><BaseDataElementName>Person_Number</BaseDataElementName><ShortCode>Person_Number</ShortCode><TypeCode>F</TypeCode><DataType>T</DataType><XmlTagName>Person_Number</XmlTagName><InformationColumn>20</InformationColumn><InformationLabel>Person_Number</InformationLabel><GroupName>Person Number</GroupName><BaseGroupName>Person Person Number</BaseGroupName></Extract_DataElement><Extract_DataElement><StartDate>2000-01-01</StartDate><DataElementName>First_Name</DataElementName><BaseDataElementName>First_Name</BaseDataElementName><ShortCode>First_Name</ShortCode><TypeCode>F</TypeCode><DataType>T</DataType><XmlTagName>First_Name</XmlTagName><InformationColumn>25</InformationColumn><InformationLabel>First_Name</InformationLabel><GroupName>Person First Name</GroupName><BaseGroupName>Person First Name</BaseGroupName></Extract_DataElement><Extract_DataElement><StartDate>2000-01-01</StartDate><DataElementName>Middle_Name</DataElementName><BaseDataElementName>Middle_Name</BaseDataElementName><ShortCode>Middle_Name</ShortCode><TypeCode>F</TypeCode><DataType>T</DataType><XmlTagName>Middle_Name</XmlTagName><InformationColumn>30</InformationColumn><InformationLabel>Middle_Name</InformationLabel><GroupName>Person Middle Name</GroupName><BaseGroupName>Person Middle Name</BaseGroupName></Extract_DataElement><Extract_DataElement><StartDate>2000-01-01</StartDate><DataElementName>Last_Name</DataElementName><BaseDataElementName>Last_Name</BaseDataElementName><ShortCode>Last_Name</ShortCode><TypeCode>F</TypeCode><DataType>T</DataType><XmlTagName>Last_Name</XmlTagName><InformationColumn>35</InformationColumn><InformationLabel>Last_Name</InformationLabel><GroupName>Person Last Name</GroupName><BaseGroupName>Person Last Name</BaseGroupName></Extract_DataElement><Extract_DataElement><StartDate>2000-01-01</StartDate><DataElementName>Birth_Month</DataElementName><BaseDataElementName>Birth_Month</BaseDataElementName><ShortCode>Birth_Month</ShortCode><TypeCode>R</TypeCode><DataType>T</DataType><XmlTagName>Birth_Month</XmlTagName><InformationColumn>45</InformationColumn><InformationLabel>Birth_Month</InformationLabel><FormulaName>I001_DOB_FF</FormulaName></Extract_DataElement><Extract_DataElement><StartDate>2000-01-01</StartDate><DataElementName>Manager_Name</DataElementName><BaseDataElementName>Manager_Name</BaseDataElementName><ShortCode>Manager_Name</ShortCode><TypeCode>F</TypeCode><DataType>T</DataType><XmlTagName>Manager_Name</XmlTagName><InformationColumn>50</InformationColumn><InformationLabel>Manager_Name</InformationLabel><GroupName>Assignment Manager Display Name</GroupName><BaseGroupName>Assignment Manager Display Name</BaseGroupName></Extract_DataElement><Extract_DataElement><StartDate>2000-01-01</StartDate><DataElementName>Employee_Status</DataElementName><BaseDataElementName>Employee_Status</BaseDataElementName><ShortCode>Employee_Status</ShortCode><TypeCode>F</TypeCode><DataType>T</DataType><XmlTagName>Employee_Status</XmlTagName><InformationColumn>55</InformationColumn><InformationLabel>Employee_Status</InformationLabel><GroupName>Person Employee Status</GroupName><BaseGroupName>Person Employee Status</BaseGroupName></Extract_DataElement><Extract_DataElement><StartDate>2000-01-01</StartDate><DataElementName>Last_Hire_Date</DataElementName><BaseDataElementName>Last_Hire_Date</BaseDataElementName><ShortCode>Last_Hire_Date</ShortCode><TypeCode>F</TypeCode><DataType>D</DataType><XmlTagName>Last_Hire_Date</XmlTagName><InformationColumn>60</InformationColumn><InformationLabel>Last_Hire_Date</InformationLabel><GroupName>Person Latest Hire Date</GroupName><BaseGroupName>Person Latest Rehire Date</BaseGroupName></Extract_DataElement><Extract_DataElement><StartDate>2000-01-01</StartDate><DataElementName>Manager_User_Name</DataElementName><BaseDataElementName>Manager_User_Name</BaseDataElementName><ShortCode>Manager_User_Name</ShortCode><TypeCode>F</TypeCode><DataType>T</DataType><XmlTagName>Manager_User_Name</XmlTagName><InformationColumn>65</InformationColumn><InformationLabel>Manager_User_Name</InformationLabel><GroupName>Assignment Manager User Name</GroupName><BaseGroupName>Assignment Manager Username</BaseGroupName></Extract_DataElement><Extract_DataElement><StartDate>2000-01-01</StartDate><DataElementName>Collective_Agreement_Name</DataElementName><BaseDataElementName>Collective_Agreement_Name</BaseDataElementName><ShortCode>Collective_Agreement_Name</ShortCode><TypeCode>F</TypeCode><DataType>T</DataType><XmlTagName>Collective_Agreement_Name</XmlTagName><InformationColumn>70</InformationColumn><InformationLabel>Collective_Agreement_Name</InformationLabel><GroupName>Assignment Collective Agreement Collective Agreement Name</GroupName><BaseGroupName>Assignment Collective Agreement Collective Agreement Name</BaseGroupName></Extract_DataElement><Extract_DataElement><StartDate>2000-01-01</StartDate><DataElementName>Home_Phone_Number</DataElementName><BaseDataElementName>Home_Phone_Number</BaseDataElementName><ShortCode>Home_Phone_Number</ShortCode><TypeCode>F</TypeCode><DataType>T</DataType><XmlTagName>Home_Phone_Number</XmlTagName><InformationColumn>75</InformationColumn><InformationLabel>Home_Phone_Number</InformationLabel><GroupName>Person Home Phone Number</GroupName><BaseGroupName>Person Home Phone Number</BaseGroupName></Extract_DataElement><Extract_DataElement><StartDate>2000-01-01</StartDate><DataElementName>Home_Phone_Type</DataElementName><BaseDataElementName>Home_Phone_Type</BaseDataElementName><ShortCode>Home_Phone_Type</ShortCode><TypeCode>F</TypeCode><DataType>T</DataType><XmlTagName>Home_Phone_Type</XmlTagName><InformationColumn>80</InformationColumn><InformationLabel>Home_Phone_Type</InformationLabel><GroupName>Person Home Phone Type</GroupName><BaseGroupName>Person Home Phone Type</BaseGroupName></Extract_DataElement><Extract_DataElement><StartDate>2000-01-01</StartDate><DataElementName>Contact_Name</DataElementName><BaseDataElementName>Contact_Name</BaseDataElementName><ShortCode>Contact_Name</ShortCode><TypeCode>R</TypeCode><DataType>T</DataType><XmlTagName>Contact_Name</XmlTagName><InformationColumn>85</InformationColumn><InformationLabel>Contact_Name</InformationLabel><FormulaName>RK_EMP_CONTACT_DISPLAY_NAME_FF</FormulaName></Extract_DataElement><Extract_DataElement><StartDate>2000-01-01</StartDate><DataElementName>Person_Id</DataElementName><BaseDataElementName>Person_Id</BaseDataElementName><ShortCode>Person_Id</ShortCode><TypeCode>F</TypeCode><DataType>N</DataType><XmlTagName>Person_Id</XmlTagName><InformationColumn>110</InformationColumn><InformationLabel>Person_Id</InformationLabel><GroupName>Person User Person ID</GroupName><BaseGroupName>Person User Person ID</BaseGroupName></Extract_DataElement></Extract_Record></Extract_Block><Delivery_Option><DateFrom>2000-01-01</DateFrom><DateTo>4712-12-31</DateTo><BurstingNode>/DATA_DS/G_1/G_2/FILE_FRAGMENT/I001_EXT/I001_DG/</BurstingNode><DeliveryOptionName>DATA</DeliveryOptionName><DeliveryType>NONE</DeliveryType><CalendarCode>GREGORIAN</CalendarCode><OutputName>DATA</OutputName><OutputType>XML</OutputType><MandatoryFlag>Y</MandatoryFlag><CreationDate>2025-08-15 21:01:46.38</CreationDate><Delivery_Option_Detail><OptionType>BURSTING</OptionType></Delivery_Option_Detail><Delivery_Option_Detail><OptionType>FILE_NAME_DE</OptionType></Delivery_Option_Detail><Delivery_Option_Detail><OptionType>KEY</OptionType></Delivery_Option_Detail><Delivery_Option_Detail><OptionType>LOCALE</OptionType></Delivery_Option_Detail><Delivery_Option_Detail><OptionType>OBJECT_ID</OptionType></Delivery_Option_Detail><Delivery_Option_Detail><OptionType>OBJECT_TYPE</OptionType></Delivery_Option_Detail><Delivery_Option_Detail><OptionType>SYSTEM_DOCUMENT_TYPE</OptionType></Delivery_Option_Detail><Delivery_Option_Detail><OptionType>TIMEZONE</OptionType></Delivery_Option_Detail><Delivery_Option_Detail><OptionType>ZIP</OptionType></Delivery_Option_Detail></Delivery_Option><Delivery_Option><DateFrom>2000-01-01</DateFrom><DateTo>4712-12-31</DateTo><BurstingNode>/DATA_DS/G_1/G_2/FILE_FRAGMENT/I001_EXT/I001_DG/</BurstingNode><DeliveryOptionName>DATA2</DeliveryOptionName><DeliveryType>NONE</DeliveryType><CalendarCode>GREGORIAN</CalendarCode><OutputName>DATA2</OutputName><OutputType>XML</OutputType><MandatoryFlag>Y</MandatoryFlag><CreationDate>2025-08-15 21:37:40.0</CreationDate><Delivery_Option_Detail><OptionType>BURSTING</OptionType></Delivery_Option_Detail><Delivery_Option_Detail><OptionType>FILE_NAME_DE</OptionType></Delivery_Option_Detail><Delivery_Option_Detail><OptionType>KEY</OptionType></Delivery_Option_Detail><Delivery_Option_Detail><OptionType>LOCALE</OptionType></Delivery_Option_Detail><Delivery_Option_Detail><OptionType>OBJECT_ID</OptionType></Delivery_Option_Detail><Delivery_Option_Detail><OptionType>OBJECT_TYPE</OptionType></Delivery_Option_Detail><Delivery_Option_Detail><OptionType>SYSTEM_DOCUMENT_TYPE</OptionType></Delivery_Option_Detail><Delivery_Option_Detail><OptionType>TIMEZONE</OptionType></Delivery_Option_Detail><Delivery_Option_Detail><OptionType>ZIP</OptionType></Delivery_Option_Detail></Delivery_Option><Report_Category><CategoryName>YK_HR_I001_Emp_Details</CategoryName><ShortName>EXT300000089772366</ShortName><DefaultCategory>Y</DefaultCategory><SourceRepCatId>300000089772375</SourceRepCatId><Report_Category_Component><DeliveryOptionName>DATA</DeliveryOptionName><DeliveryOptionName>DATA2</DeliveryOptionName></Report_Category_Component></Report_Category><Extract_Parameter><ParamName>Effective Date</ParamName><EssParamName>EFFECTIVE_DATE</EssParamName><XmlTagName>effective_date</XmlTagName><DataType>D</DataType><DescriptionInParam>Effective Date</DescriptionInParam><AllowedInExpression>Y</AllowedInExpression><Generated>Y</Generated><DisplayFlag>Y</DisplayFlag><ParamSequence>10</ParamSequence><ParamUsageType>INPUT</ParamUsageType></Extract_Parameter><Extract_Parameter><ParamName>Legislative Data Group</ParamName><EssParamName>LEGISLATIVE_DATA_GROUP_ID</EssParamName><XmlTagName>legislative_data_group_id</XmlTagName><DataType>N</DataType><DescriptionInParam>Legislative Data Group</DescriptionInParam><AllowedInExpression>Y</AllowedInExpression><Generated>Y</Generated><DisplayFlag>N</DisplayFlag><ParamSequence>20</ParamSequence><ParamUsageType>INPUT</ParamUsageType></Extract_Parameter><Extract_Parameter><ParamName>Parameter Group</ParamName><EssParamName>PARAMETER_GROUP_ID</EssParamName><XmlTagName>parameter_group_id</XmlTagName><DataType>N</DataType><DescriptionInParam>Parameter Group</DescriptionInParam><AllowedInExpression>N</AllowedInExpression><Generated>Y</Generated><DisplayFlag>N</DisplayFlag><ParamSequence>30</ParamSequence><ParamUsageType>INPUT</ParamUsageType></Extract_Parameter><Extract_Parameter><ParamName>Report Category</ParamName><EssParamName>REPORT_CATEGORY_ID</EssParamName><XmlTagName>report_category_id</XmlTagName><DataType>N</DataType><DescriptionInParam>Report Category</DescriptionInParam><AllowedInExpression>N</AllowedInExpression><Generated>Y</Generated><DisplayFlag>N</DisplayFlag><ParamSequence>40</ParamSequence><ParamUsageType>INPUT</ParamUsageType></Extract_Parameter><Extract_Parameter><ParamName>Request ID</ParamName><EssParamName>REQUEST_ID</EssParamName><XmlTagName>request_id</XmlTagName><DataType>N</DataType><DescriptionInParam>Request ID</DescriptionInParam><AllowedInExpression>N</AllowedInExpression><Generated>Y</Generated><DisplayFlag>N</DisplayFlag><ParamSequence>50</ParamSequence><ParamUsageType>INPUT</ParamUsageType></Extract_Parameter><Extract_Parameter><ParamName>Start Date</ParamName><EssParamName>START_DATE</EssParamName><XmlTagName>start_date</XmlTagName><DataType>D</DataType><DescriptionInParam>Start Date</DescriptionInParam><AllowedInExpression>Y</AllowedInExpression><Generated>Y</Generated><DisplayFlag>N</DisplayFlag><ParamSequence>60</ParamSequence><ParamUsageType>INPUT</ParamUsageType></Extract_Parameter></Extract_Definition>