<?xml version = '1.0' encoding = 'UTF-8'?>
<Extract_Definition><DefinitionName>YK_HR_I001_Emp_Details_V1</DefinitionName><XmlTagName>I001_EXT_V2</XmlTagName><ExtTypeCode>FULLPRF</ExtTypeCode><DateStart>2000-01-01</DateStart><Attribute14>EXL_INT</Attribute14><Status>A</Status><BaseDefinitionName>YK_HR_I001_Emp_Details_V1</BaseDefinitionName><IncludeChangesFromLastSuccessfulRun>N</IncludeChangesFromLastSuccessfulRun><LargeExtract>N</LargeExtract><ExtractVendor>ORA_REPORT</ExtractVendor><HideInternalUE>EXL_INT</HideInternalUE><Extract_Block><BaseUserEntityName>PER_EXT_PAY_EMPLOYEES_V2_UE</BaseUserEntityName><BlockName>I001_DG</BlockName><XmlTagName>I001_DG</XmlTagName><MainBlockFlag>Y</MainBlockFlag><MultiThreadActType>O</MultiThreadActType><UserName>PER_EXT_PAY_V2_HR_ASSIGNMENT_ID</UserName><BaseBlockName>I001_DG</BaseBlockName><Block_Criteria><EffectiveStartDate>2000-01-01</EffectiveStartDate><CriteriaFlag>C</CriteriaFlag><CriteriaClob>PAAF.ASSIGNMENT_STATUS_TYPE = 'ACTIVE'
AND PAAF.PRIMARY_FLAG = 'Y'


and pay_report_utils.get_parameter_value_date('effective_date') BETWEEN PAAF.EFFECTIVE_START_DATE AND PAAF.EFFECTIVE_END_DATE
</CriteriaClob><DispCriteriaExpClob>{EDITADV}</DispCriteriaExpClob></Block_Criteria><Extract_Record><RecordName>I001_REC</RecordName><XmlTagName>I001_REC</XmlTagName><TypeCode>D</TypeCode><ProcessCode>FF</ProcessCode><FlexStructureCode>I001_REC</FlexStructureCode><Sequence>5</Sequence><LastRunExecutedMode>N</LastRunExecutedMode><OverflowMode>N</OverflowMode><BaseRecordName>I001_REC</BaseRecordName><EffectiveStartDate>2000-01-01</EffectiveStartDate><Extract_DataElement><StartDate>2000-01-01</StartDate><DataElementName>Assignment_ID</DataElementName><BaseDataElementName>Assignment_ID</BaseDataElementName><ShortCode>Assignment_ID</ShortCode><TypeCode>F</TypeCode><DataType>N</DataType><XmlTagName>Assignment_ID</XmlTagName><InformationColumn>5</InformationColumn><InformationLabel>Assignment_ID</InformationLabel><GroupName>Extract Employee V2 Assignment ID</GroupName><BaseGroupName>PER_EXT_PAY_V2_HR_ASSIGNMENT_ID</BaseGroupName></Extract_DataElement><Extract_DataElement><StartDate>2000-01-01</StartDate><DataElementName>Business_Unit_Name</DataElementName><BaseDataElementName>Business_Unit_Name</BaseDataElementName><ShortCode>BU_Name</ShortCode><TypeCode>F</TypeCode><DataType>T</DataType><XmlTagName>BU_Name</XmlTagName><InformationColumn>10</InformationColumn><InformationLabel>Business_Unit_Name</InformationLabel><GroupName>Assignment Business Unit Name</GroupName><BaseGroupName>Assignment Business Unit Name</BaseGroupName></Extract_DataElement><Extract_DataElement><StartDate>2000-01-01</StartDate><DataElementName>Person User Name</DataElementName><BaseDataElementName>Person User Name</BaseDataElementName><ShortCode>Person_User_Name</ShortCode><TypeCode>F</TypeCode><DataType>T</DataType><XmlTagName>Puser_Name</XmlTagName><InformationColumn>15</InformationColumn><InformationLabel>Person_User_Name</InformationLabel><GroupName>Person User Name</GroupName><BaseGroupName>Person User Name</BaseGroupName></Extract_DataElement><Extract_DataElement><StartDate>2000-01-01</StartDate><DataElementName>Person Number</DataElementName><BaseDataElementName>Person Number</BaseDataElementName><ShortCode>Person_Number</ShortCode><TypeCode>F</TypeCode><DataType>T</DataType><XmlTagName>Person_Number</XmlTagName><InformationColumn>20</InformationColumn><InformationLabel>Person_Number</InformationLabel><GroupName>Extract Employee V2 Person Number</GroupName><BaseGroupName>PER_EXT_PAY_V2_PERSON_NUMBER</BaseGroupName></Extract_DataElement><Extract_DataElement><StartDate>2000-01-01</StartDate><DataElementName>First Name</DataElementName><BaseDataElementName>First Name</BaseDataElementName><ShortCode>First_Name</ShortCode><TypeCode>F</TypeCode><DataType>T</DataType><XmlTagName>First_Name</XmlTagName><InformationColumn>25</InformationColumn><InformationLabel>First_Name</InformationLabel><GroupName>Person First Name</GroupName><BaseGroupName>Person First Name</BaseGroupName></Extract_DataElement><Extract_DataElement><StartDate>2000-01-01</StartDate><DataElementName>Middle Name</DataElementName><BaseDataElementName>Middle Name</BaseDataElementName><ShortCode>Middle_Name</ShortCode><TypeCode>F</TypeCode><DataType>T</DataType><XmlTagName>Middle_Name</XmlTagName><InformationColumn>30</InformationColumn><InformationLabel>Middle_Name</InformationLabel><GroupName>Person Middle Name</GroupName><BaseGroupName>Person Middle Name</BaseGroupName></Extract_DataElement><Extract_DataElement><StartDate>2000-01-01</StartDate><DataElementName>Last Name</DataElementName><BaseDataElementName>Last Name</BaseDataElementName><ShortCode>Last_Name</ShortCode><TypeCode>F</TypeCode><DataType>T</DataType><XmlTagName>Last_Name</XmlTagName><InformationColumn>35</InformationColumn><InformationLabel>Last_Name</InformationLabel><GroupName>Person Last Name</GroupName><BaseGroupName>Person Last Name</BaseGroupName></Extract_DataElement><Extract_DataElement><StartDate>2000-01-01</StartDate><DataElementName>Manager Name</DataElementName><BaseDataElementName>Manager Name</BaseDataElementName><ShortCode>Manager_Name</ShortCode><TypeCode>F</TypeCode><DataType>T</DataType><XmlTagName>Manager_Name</XmlTagName><InformationColumn>40</InformationColumn><InformationLabel>Manager_Name</InformationLabel><GroupName>Assignment Manager Display Name</GroupName><BaseGroupName>Assignment Manager Display Name</BaseGroupName></Extract_DataElement><Extract_DataElement><StartDate>2000-01-01</StartDate><DataElementName>Employee Status</DataElementName><BaseDataElementName>Employee Status</BaseDataElementName><ShortCode>Employee_Status</ShortCode><TypeCode>F</TypeCode><DataType>T</DataType><XmlTagName>Employee_Status</XmlTagName><InformationColumn>45</InformationColumn><InformationLabel>Employee_Status</InformationLabel><GroupName>Person Employee Status</GroupName><BaseGroupName>Person Employee Status</BaseGroupName></Extract_DataElement><Extract_DataElement><StartDate>2000-01-01</StartDate><DataElementName>Manager User Name</DataElementName><BaseDataElementName>Manager User Name</BaseDataElementName><ShortCode>Manager_User_Name</ShortCode><TypeCode>F</TypeCode><DataType>T</DataType><XmlTagName>Manager_User_Name</XmlTagName><InformationColumn>55</InformationColumn><InformationLabel>Manager_User_Name</InformationLabel><GroupName>Assignment Manager User Name</GroupName><BaseGroupName>Assignment Manager Username</BaseGroupName></Extract_DataElement><Extract_DataElement><StartDate>2000-01-01</StartDate><DataElementName>Collective Agreement Name</DataElementName><BaseDataElementName>Collective Agreement Name</BaseDataElementName><ShortCode>Collective_Agreement_Name</ShortCode><TypeCode>F</TypeCode><DataType>T</DataType><XmlTagName>Collective_Agreement_Name</XmlTagName><InformationColumn>60</InformationColumn><InformationLabel>Collective_Agreement_Name</InformationLabel><GroupName>Assignment Collective Agreement Collective Agreement Name</GroupName><BaseGroupName>Assignment Collective Agreement Collective Agreement Name</BaseGroupName></Extract_DataElement><Extract_DataElement><StartDate>2000-01-01</StartDate><DataElementName>Home Phone Number</DataElementName><BaseDataElementName>Home Phone Number</BaseDataElementName><ShortCode>Home_Phone_Number</ShortCode><TypeCode>F</TypeCode><DataType>T</DataType><XmlTagName>Home_Phone_Number</XmlTagName><InformationColumn>65</InformationColumn><InformationLabel>Home_Phone_Number</InformationLabel><GroupName>Person Home Phone Number</GroupName><BaseGroupName>Person Home Phone Number</BaseGroupName></Extract_DataElement><Extract_DataElement><StartDate>2000-01-01</StartDate><DataElementName>Home Phone Type</DataElementName><BaseDataElementName>Home Phone Type</BaseDataElementName><ShortCode>Home_Phone_Type</ShortCode><TypeCode>F</TypeCode><DataType>T</DataType><XmlTagName>Home_Phone_Type</XmlTagName><InformationColumn>70</InformationColumn><InformationLabel>Home_Phone_Type</InformationLabel><GroupName>Person Home Phone Type</GroupName><BaseGroupName>Person Home Phone Type</BaseGroupName></Extract_DataElement><Extract_DataElement><StartDate>2000-01-01</StartDate><DataElementName>Contact Name</DataElementName><BaseDataElementName>Contact Name</BaseDataElementName><ShortCode>Contact_Name</ShortCode><TypeCode>R</TypeCode><DataType>T</DataType><XmlTagName>Contact_Name</XmlTagName><InformationColumn>100</InformationColumn><InformationLabel>Contact_Name</InformationLabel><FormulaName>YK_CONTACT_DETAILS_FF</FormulaName></Extract_DataElement><Extract_DataElement><StartDate>2000-01-01</StartDate><DataElementName>Person_Id</DataElementName><BaseDataElementName>Person_Id</BaseDataElementName><ShortCode>Person_Id</ShortCode><TypeCode>F</TypeCode><DataType>N</DataType><XmlTagName>Person_Id</XmlTagName><InformationColumn>120</InformationColumn><InformationLabel>Person_Id</InformationLabel><GroupName>Assignment Person ID</GroupName><BaseGroupName>Assignment Person ID</BaseGroupName><HideFlagInElement>Y</HideFlagInElement></Extract_DataElement><Extract_DataElement><StartDate>2000-01-01</StartDate><DataElementName>Last Hire Date1</DataElementName><BaseDataElementName>Last Hire Date1</BaseDataElementName><ShortCode>Last_Hire_Date</ShortCode><TypeCode>R</TypeCode><DataType>T</DataType><XmlTagName>Last_Hire_Date</XmlTagName><InformationColumn>160</InformationColumn><InformationLabel>Last_Hire_Date1</InformationLabel><FormulaName>YK_I002_HIRE_DATE_FF</FormulaName></Extract_DataElement><Extract_DataElement><StartDate>2000-01-01</StartDate><DataElementName>Birth Month</DataElementName><BaseDataElementName>Birth Month</BaseDataElementName><ShortCode>Birth_Month</ShortCode><TypeCode>F</TypeCode><DataType>D</DataType><XmlTagName>Birth_Month</XmlTagName><InformationColumn>225</InformationColumn><InformationLabel>Birth_Month</InformationLabel><GroupName>Person Date of Birth</GroupName><BaseGroupName>Person Date of Birth</BaseGroupName></Extract_DataElement></Extract_Record></Extract_Block><Delivery_Option><DateFrom>2000-01-01</DateFrom><DateTo>4712-12-31</DateTo><BipReportName>Custom/Human Capital Management/Yas/YK_I001_Report.xdo</BipReportName><BipTemplateName>YK_I001</BipTemplateName><BurstingNode>/DATA_DS/G_1/G_2/FILE_FRAGMENT/I001_EXT_V2/I001_DG/</BurstingNode><DeliveryOptionName>I001_EXCEL</DeliveryOptionName><DeliveryType>NONE</DeliveryType><CalendarCode>GREGORIAN</CalendarCode><OutputName>I001_EXCEL</OutputName><OutputType>XLSX</OutputType><MandatoryFlag>Y</MandatoryFlag><CreationDate>2025-08-17 13:26:28.0</CreationDate><Delivery_Option_Detail><OptionType>BURSTING</OptionType></Delivery_Option_Detail><Delivery_Option_Detail><OptionType>FILE_NAME_DE</OptionType></Delivery_Option_Detail><Delivery_Option_Detail><OptionType>KEY</OptionType></Delivery_Option_Detail><Delivery_Option_Detail><OptionType>LOCALE</OptionType></Delivery_Option_Detail><Delivery_Option_Detail><OptionType>OBJECT_ID</OptionType></Delivery_Option_Detail><Delivery_Option_Detail><OptionType>OBJECT_TYPE</OptionType></Delivery_Option_Detail><Delivery_Option_Detail><OptionType>SYSTEM_DOCUMENT_TYPE</OptionType></Delivery_Option_Detail><Delivery_Option_Detail><OptionType>TIMEZONE</OptionType></Delivery_Option_Detail><Delivery_Option_Detail><OptionType>ZIP</OptionType></Delivery_Option_Detail></Delivery_Option><Delivery_Option><DateFrom>2000-01-01</DateFrom><DateTo>4712-12-31</DateTo><BurstingNode>/DATA_DS/G_1/G_2/FILE_FRAGMENT/I001_EXT_V2/I001_DG/</BurstingNode><DeliveryOptionName>I001_XML</DeliveryOptionName><DeliveryType>NONE</DeliveryType><CalendarCode>GREGORIAN</CalendarCode><OutputName>I001_XML</OutputName><OutputType>XML</OutputType><MandatoryFlag>Y</MandatoryFlag><CreationDate>2025-08-15 21:43:36.406</CreationDate><Delivery_Option_Detail><OptionType>BURSTING</OptionType></Delivery_Option_Detail><Delivery_Option_Detail><OptionType>FILE_NAME_DE</OptionType></Delivery_Option_Detail><Delivery_Option_Detail><OptionType>KEY</OptionType></Delivery_Option_Detail><Delivery_Option_Detail><OptionType>LOCALE</OptionType></Delivery_Option_Detail><Delivery_Option_Detail><OptionType>OBJECT_ID</OptionType></Delivery_Option_Detail><Delivery_Option_Detail><OptionType>OBJECT_TYPE</OptionType></Delivery_Option_Detail><Delivery_Option_Detail><OptionType>SYSTEM_DOCUMENT_TYPE</OptionType></Delivery_Option_Detail><Delivery_Option_Detail><OptionType>TIMEZONE</OptionType></Delivery_Option_Detail><Delivery_Option_Detail><OptionType>ZIP</OptionType></Delivery_Option_Detail></Delivery_Option><Delivery_Option><DateFrom>2000-01-01</DateFrom><DateTo>4712-12-31</DateTo><BipReportName>Custom/Human Capital Management/Yas/YK_I001_Report.xdo</BipReportName><BipTemplateName>YK_I001_eText</BipTemplateName><BurstingNode>/DATA_DS/G_1/G_2/FILE_FRAGMENT/I001_EXT_V2/I001_DG/</BurstingNode><DeliveryOptionName>I001_eText</DeliveryOptionName><DeliveryType>NONE</DeliveryType><CalendarCode>GREGORIAN</CalendarCode><OutputName>I001_eText</OutputName><OutputType>TEXT</OutputType><MandatoryFlag>Y</MandatoryFlag><CreationDate>2025-08-17 13:44:13.0</CreationDate><Delivery_Option_Detail><OptionType>BURSTING</OptionType></Delivery_Option_Detail><Delivery_Option_Detail><OptionType>FILE_NAME_DE</OptionType></Delivery_Option_Detail><Delivery_Option_Detail><OptionType>KEY</OptionType></Delivery_Option_Detail><Delivery_Option_Detail><OptionType>LOCALE</OptionType></Delivery_Option_Detail><Delivery_Option_Detail><OptionType>OBJECT_ID</OptionType></Delivery_Option_Detail><Delivery_Option_Detail><OptionType>OBJECT_TYPE</OptionType></Delivery_Option_Detail><Delivery_Option_Detail><OptionType>SYSTEM_DOCUMENT_TYPE</OptionType></Delivery_Option_Detail><Delivery_Option_Detail><OptionType>TIMEZONE</OptionType></Delivery_Option_Detail><Delivery_Option_Detail><OptionType>ZIP</OptionType></Delivery_Option_Detail></Delivery_Option><Report_Category><CategoryName>YK_HR_I001_Emp_Details_V1</CategoryName><ShortName>EXT300000089772557</ShortName><DefaultCategory>Y</DefaultCategory><SourceRepCatId>300000089772566</SourceRepCatId><Report_Category_Component><DeliveryOptionName>I001_eText</DeliveryOptionName><DeliveryOptionName>I001_XML</DeliveryOptionName><DeliveryOptionName>I001_EXCEL</DeliveryOptionName></Report_Category_Component></Report_Category><Extract_Parameter><ParamName>Effective Date</ParamName><EssParamName>EFFECTIVE_DATE</EssParamName><XmlTagName>effective_date</XmlTagName><DataType>D</DataType><DescriptionInParam>Effective Date</DescriptionInParam><AllowedInExpression>Y</AllowedInExpression><Generated>Y</Generated><DisplayFlag>Y</DisplayFlag><ParamSequence>10</ParamSequence><ParamUsageType>INPUT</ParamUsageType></Extract_Parameter><Extract_Parameter><ParamName>Legislative Data Group</ParamName><EssParamName>LEGISLATIVE_DATA_GROUP_ID</EssParamName><XmlTagName>legislative_data_group_id</XmlTagName><DataType>N</DataType><DescriptionInParam>Legislative Data Group</DescriptionInParam><AllowedInExpression>Y</AllowedInExpression><Generated>Y</Generated><DisplayFlag>N</DisplayFlag><ParamSequence>20</ParamSequence><ParamUsageType>INPUT</ParamUsageType></Extract_Parameter><Extract_Parameter><ParamName>Parameter Group</ParamName><EssParamName>PARAMETER_GROUP_ID</EssParamName><XmlTagName>parameter_group_id</XmlTagName><DataType>N</DataType><DescriptionInParam>Parameter Group</DescriptionInParam><AllowedInExpression>N</AllowedInExpression><Generated>Y</Generated><DisplayFlag>N</DisplayFlag><ParamSequence>30</ParamSequence><ParamUsageType>INPUT</ParamUsageType></Extract_Parameter><Extract_Parameter><ParamName>Report Category</ParamName><EssParamName>REPORT_CATEGORY_ID</EssParamName><XmlTagName>report_category_id</XmlTagName><DataType>N</DataType><DescriptionInParam>Report Category</DescriptionInParam><AllowedInExpression>N</AllowedInExpression><Generated>Y</Generated><DisplayFlag>N</DisplayFlag><ParamSequence>40</ParamSequence><ParamUsageType>INPUT</ParamUsageType></Extract_Parameter><Extract_Parameter><ParamName>Request ID</ParamName><EssParamName>REQUEST_ID</EssParamName><XmlTagName>request_id</XmlTagName><DataType>N</DataType><DescriptionInParam>Request ID</DescriptionInParam><AllowedInExpression>N</AllowedInExpression><Generated>Y</Generated><DisplayFlag>N</DisplayFlag><ParamSequence>50</ParamSequence><ParamUsageType>INPUT</ParamUsageType></Extract_Parameter><Extract_Parameter><ParamName>Start Date</ParamName><EssParamName>START_DATE</EssParamName><XmlTagName>start_date</XmlTagName><DataType>D</DataType><DescriptionInParam>Start Date</DescriptionInParam><AllowedInExpression>Y</AllowedInExpression><Generated>Y</Generated><DisplayFlag>N</DisplayFlag><ParamSequence>60</ParamSequence><ParamUsageType>INPUT</ParamUsageType></Extract_Parameter></Extract_Definition>