<?xml version = '1.0' encoding = 'UTF-8'?>
<Extract_Definition><DefinitionName>YK_I002_CHG_V1</DefinitionName><XmlTagName>YK_I002_CHG_V1</XmlTagName><ExtTypeCode>HRAR</ExtTypeCode><DateStart>2000-01-01</DateStart><Attribute14>EXL_INT</Attribute14><Status>A</Status><BaseDefinitionName>YK_I002_CHG_V1</BaseDefinitionName><IncludeChangesFromLastSuccessfulRun>Y</IncludeChangesFromLastSuccessfulRun><LargeExtract>N</LargeExtract><ExtractVendor>ORA_REPORT</ExtractVendor><HideInternalUE>EXL_INT</HideInternalUE><Extract_Block><BaseUserEntityName>PER_EXT_PAY_EMPLOYEES_V2_UE</BaseUserEntityName><BlockName>I001_CHG_DG</BlockName><XmlTagName>I001_CHG_DG</XmlTagName><MainBlockFlag>Y</MainBlockFlag><MultiThreadActType>O</MultiThreadActType><UserName>PER_EXT_PAY_V2_HR_ASSIGNMENT_ID</UserName><BaseBlockName>I001_CHG_DG</BaseBlockName><Block_Criteria><EffectiveStartDate>2000-01-01</EffectiveStartDate><CriteriaFlag>C</CriteriaFlag><CriteriaClob>--- paaf.assignment_status_type = 'INACTIVE'

pay_report_utils.get_parameter_value_date('effective_date') BETWEEN paaf.effective_start_date and paaf.effective_end_date</CriteriaClob><DispCriteriaExpClob>{EDITADV}</DispCriteriaExpClob></Block_Criteria><Extract_Record><RecordName>I001_CHG_REC</RecordName><XmlTagName>I001_CHG_REC</XmlTagName><TypeCode>D</TypeCode><ProcessCode>FF</ProcessCode><FlexStructureCode>I001_CHG_REC</FlexStructureCode><Sequence>5</Sequence><LastRunExecutedMode>N</LastRunExecutedMode><OverflowMode>N</OverflowMode><BaseRecordName>I001_CHG_REC</BaseRecordName><EffectiveStartDate>2000-01-01</EffectiveStartDate><Extract_DataElement><StartDate>2000-01-01</StartDate><DataElementName>Institute ID</DataElementName><BaseDataElementName>Institute ID</BaseDataElementName><ShortCode>Institute_ID</ShortCode><TypeCode>S</TypeCode><DataType>T</DataType><XmlTagName>Institute_ID</XmlTagName><InformationColumn>2</InformationColumn><InformationLabel>Institute_ID</InformationLabel><StringValue>MHS</StringValue></Extract_DataElement><Extract_DataElement><StartDate>2000-01-01</StartDate><DataElementName>Employment Status</DataElementName><BaseDataElementName>Employment Status</BaseDataElementName><ShortCode>Employment_Status</ShortCode><TypeCode>D</TypeCode><DataType>T</DataType><XmlTagName>Employment_Status</XmlTagName><InformationColumn>5</InformationColumn><InformationLabel>Employment_Status</InformationLabel><GroupName>Assignment Status Type</GroupName><BaseGroupName>Assignment Status Type</BaseGroupName><FunctionExpression>'ACTIVE', 'A', 'INACTIVE', 'I'</FunctionExpression><KeyFlag>Y</KeyFlag></Extract_DataElement><Extract_DataElement><StartDate>2000-01-01</StartDate><DataElementName>First Name</DataElementName><BaseDataElementName>First Name</BaseDataElementName><ShortCode>First_Name</ShortCode><TypeCode>F</TypeCode><DataType>T</DataType><XmlTagName>First_Name</XmlTagName><InformationColumn>10</InformationColumn><InformationLabel>First_Name</InformationLabel><GroupName>Person First Name</GroupName><BaseGroupName>Person First Name</BaseGroupName><MarkAsChanged>Y</MarkAsChanged></Extract_DataElement><Extract_DataElement><StartDate>2000-01-01</StartDate><DataElementName>Middle Name</DataElementName><BaseDataElementName>Middle Name</BaseDataElementName><ShortCode>Middle_Name</ShortCode><TypeCode>F</TypeCode><DataType>T</DataType><XmlTagName>Middle_Name</XmlTagName><InformationColumn>15</InformationColumn><InformationLabel>Middle_Name</InformationLabel><GroupName>Person Middle Name</GroupName><BaseGroupName>Person Middle Name</BaseGroupName><MarkAsChanged>Y</MarkAsChanged></Extract_DataElement><Extract_DataElement><StartDate>2000-01-01</StartDate><DataElementName>Last Name</DataElementName><BaseDataElementName>Last Name</BaseDataElementName><ShortCode>Last_Name</ShortCode><TypeCode>F</TypeCode><DataType>T</DataType><XmlTagName>Last_Name</XmlTagName><InformationColumn>20</InformationColumn><InformationLabel>Last_Name</InformationLabel><GroupName>Person Last Name</GroupName><BaseGroupName>Person Last Name</BaseGroupName><MarkAsChanged>Y</MarkAsChanged></Extract_DataElement><Extract_DataElement><StartDate>2000-01-01</StartDate><DataElementName>User Name</DataElementName><BaseDataElementName>User Name</BaseDataElementName><ShortCode>User_Name</ShortCode><TypeCode>F</TypeCode><DataType>T</DataType><XmlTagName>User_Name</XmlTagName><InformationColumn>25</InformationColumn><InformationLabel>User_Name</InformationLabel><GroupName>Person User Name</GroupName><BaseGroupName>Person User Name</BaseGroupName><KeyFlag>N</KeyFlag><AlwaysDisplay>Y</AlwaysDisplay></Extract_DataElement><Extract_DataElement><StartDate>2000-01-01</StartDate><DataElementName>Department Code</DataElementName><BaseDataElementName>Department Code</BaseDataElementName><ShortCode>Department_Code</ShortCode><TypeCode>F</TypeCode><DataType>N</DataType><XmlTagName>Department_Code</XmlTagName><InformationColumn>30</InformationColumn><InformationLabel>Department_Code</InformationLabel><GroupName>Assignment Department ID</GroupName><BaseGroupName>Assignment Department ID</BaseGroupName><MarkAsChanged>Y</MarkAsChanged></Extract_DataElement><Extract_DataElement><StartDate>2000-01-01</StartDate><DataElementName>Department Name</DataElementName><BaseDataElementName>Department Name</BaseDataElementName><ShortCode>Department_Name</ShortCode><TypeCode>F</TypeCode><DataType>T</DataType><XmlTagName>Department_Name</XmlTagName><InformationColumn>35</InformationColumn><InformationLabel>Department_Name</InformationLabel><GroupName>Assignment Department Name</GroupName><BaseGroupName>Assignment Department Name</BaseGroupName><MarkAsChanged>Y</MarkAsChanged></Extract_DataElement><Extract_DataElement><StartDate>2000-01-01</StartDate><DataElementName>Hire Date</DataElementName><BaseDataElementName>Hire Date</BaseDataElementName><ShortCode>Hire_Date</ShortCode><TypeCode>F</TypeCode><DataType>D</DataType><XmlTagName>Hire_Date</XmlTagName><InformationColumn>40</InformationColumn><InformationLabel>Hire_Date</InformationLabel><GroupName>Person Latest Hire Date</GroupName><BaseGroupName>Person Latest Rehire Date</BaseGroupName><MarkAsChanged>N</MarkAsChanged></Extract_DataElement><Extract_DataElement><StartDate>2000-01-01</StartDate><DataElementName>Job Code</DataElementName><BaseDataElementName>Job Code</BaseDataElementName><ShortCode>Job_Code</ShortCode><TypeCode>F</TypeCode><DataType>T</DataType><XmlTagName>Job_Code</XmlTagName><InformationColumn>45</InformationColumn><InformationLabel>Job_Code</InformationLabel><GroupName>Assignment Job Code</GroupName><BaseGroupName>Assignment Job Code</BaseGroupName><MarkAsChanged>Y</MarkAsChanged></Extract_DataElement><Extract_DataElement><StartDate>2000-01-01</StartDate><DataElementName>Job Title</DataElementName><BaseDataElementName>Job Title</BaseDataElementName><ShortCode>Job_Title</ShortCode><TypeCode>F</TypeCode><DataType>T</DataType><XmlTagName>Job_Title</XmlTagName><InformationColumn>50</InformationColumn><InformationLabel>Job_Title</InformationLabel><GroupName>Assignment Job Name</GroupName><BaseGroupName>Assignment Job Name</BaseGroupName><MarkAsChanged>Y</MarkAsChanged></Extract_DataElement><Extract_DataElement><StartDate>2000-01-01</StartDate><DataElementName>Person Email</DataElementName><BaseDataElementName>Person Email</BaseDataElementName><ShortCode>Person_Email</ShortCode><TypeCode>F</TypeCode><DataType>T</DataType><XmlTagName>Person_Email</XmlTagName><InformationColumn>55</InformationColumn><InformationLabel>Person_Email</InformationLabel><GroupName>Person E-Mail Address</GroupName><BaseGroupName>Person E-Mail Address</BaseGroupName></Extract_DataElement><Extract_DataElement><StartDate>2000-01-01</StartDate><DataElementName>Date of Birth</DataElementName><BaseDataElementName>Date of Birth</BaseDataElementName><ShortCode>Date_of_Birth</ShortCode><TypeCode>F</TypeCode><DataType>D</DataType><XmlTagName>Date_of_Birth</XmlTagName><InformationColumn>60</InformationColumn><InformationLabel>Date_of_Birth</InformationLabel><GroupName>Person Date of Birth</GroupName><BaseGroupName>Person Date of Birth</BaseGroupName></Extract_DataElement><Extract_DataElement><StartDate>2000-01-01</StartDate><DataElementName>Gender</DataElementName><BaseDataElementName>Gender</BaseDataElementName><ShortCode>Gender</ShortCode><TypeCode>D</TypeCode><DataType>T</DataType><XmlTagName>Gender</XmlTagName><InformationColumn>65</InformationColumn><InformationLabel>Gender</InformationLabel><GroupName>Person Gender</GroupName><BaseGroupName>Person Gender</BaseGroupName><FunctionExpression>'M', 'MALE',
'F','FEMALE'</FunctionExpression></Extract_DataElement><Extract_DataElement><StartDate>2000-01-01</StartDate><DataElementName>Years of Experience</DataElementName><BaseDataElementName>Years of Experience</BaseDataElementName><ShortCode>Years_of_Experience</ShortCode><TypeCode>R</TypeCode><DataType>T</DataType><XmlTagName>Years_of_Experience</XmlTagName><InformationColumn>70</InformationColumn><InformationLabel>Years_of_Experience</InformationLabel><FormulaName>YK_I002_YOE_FF</FormulaName></Extract_DataElement><Extract_DataElement><StartDate>2000-01-01</StartDate><DataElementName>Supervisor</DataElementName><BaseDataElementName>Supervisor</BaseDataElementName><ShortCode>Supervisor</ShortCode><TypeCode>F</TypeCode><DataType>T</DataType><XmlTagName>Supervisor</XmlTagName><InformationColumn>75</InformationColumn><InformationLabel>Supervisor</InformationLabel><GroupName>Assignment Manager Display Name</GroupName><BaseGroupName>Assignment Manager Display Name</BaseGroupName></Extract_DataElement><Extract_DataElement><StartDate>2000-01-01</StartDate><DataElementName>FTE</DataElementName><BaseDataElementName>FTE</BaseDataElementName><ShortCode>FTE</ShortCode><TypeCode>F</TypeCode><DataType>N</DataType><XmlTagName>FTE</XmlTagName><InformationColumn>80</InformationColumn><InformationLabel>FTE</InformationLabel><GroupName>Assignment FTE Value</GroupName><BaseGroupName>Assignment FTE Value</BaseGroupName></Extract_DataElement><Extract_DataElement><StartDate>2000-01-01</StartDate><DataElementName>NID</DataElementName><BaseDataElementName>NID</BaseDataElementName><ShortCode>NID</ShortCode><TypeCode>F</TypeCode><DataType>T</DataType><XmlTagName>NID</XmlTagName><InformationColumn>85</InformationColumn><InformationLabel>NID</InformationLabel><GroupName>Person Primary National Identifier Number</GroupName><BaseGroupName>Person Primary National Identifier Number</BaseGroupName></Extract_DataElement><Extract_DataElement><StartDate>2000-01-01</StartDate><DataElementName>PERSON ID</DataElementName><BaseDataElementName>PERSON ID</BaseDataElementName><ShortCode>PERSON_ID</ShortCode><TypeCode>F</TypeCode><DataType>N</DataType><XmlTagName>PERSON_ID</XmlTagName><InformationColumn>90</InformationColumn><InformationLabel>PERSON_ID</InformationLabel><GroupName>Extract Employee V2 Person ID</GroupName><BaseGroupName>PER_EXT_PAY_V2_PERSON_ID</BaseGroupName><HideFlagInElement>Y</HideFlagInElement></Extract_DataElement></Extract_Record></Extract_Block><Delivery_Option><DateFrom>2000-01-01</DateFrom><DateTo>4712-12-31</DateTo><DeliveryOptionName>Data</DeliveryOptionName><DeliveryType>NONE</DeliveryType><CalendarCode>GREGORIAN</CalendarCode><OutputName>Data</OutputName><OutputType>XML</OutputType><MandatoryFlag>Y</MandatoryFlag><CreationDate>2025-08-26 10:21:05.535</CreationDate><Delivery_Option_Detail><OptionType>BURSTING</OptionType></Delivery_Option_Detail><Delivery_Option_Detail><OptionType>FILE_NAME_DE</OptionType></Delivery_Option_Detail><Delivery_Option_Detail><OptionType>KEY</OptionType></Delivery_Option_Detail><Delivery_Option_Detail><OptionType>LOCALE</OptionType></Delivery_Option_Detail><Delivery_Option_Detail><OptionType>OBJECT_ID</OptionType></Delivery_Option_Detail><Delivery_Option_Detail><OptionType>OBJECT_TYPE</OptionType></Delivery_Option_Detail><Delivery_Option_Detail><OptionType>SYSTEM_DOCUMENT_TYPE</OptionType></Delivery_Option_Detail><Delivery_Option_Detail><OptionType>TIMEZONE</OptionType></Delivery_Option_Detail><Delivery_Option_Detail><OptionType>ZIP</OptionType></Delivery_Option_Detail></Delivery_Option><Delivery_Option><DateFrom>2000-01-01</DateFrom><DateTo>4712-12-31</DateTo><BipReportName>Custom/Human Capital Management/Yas/YK_I002_CHG_V1_Report.xdo</BipReportName><BipTemplateName>I002_CHG_eText</BipTemplateName><DeliveryOptionName>Data_eText</DeliveryOptionName><DeliveryType>NONE</DeliveryType><CalendarCode>GREGORIAN</CalendarCode><OutputName>Data_eText</OutputName><OutputType>TEXT</OutputType><MandatoryFlag>Y</MandatoryFlag><CreationDate>2025-08-26 18:45:59.0</CreationDate><Delivery_Option_Detail><OptionType>BURSTING</OptionType></Delivery_Option_Detail><Delivery_Option_Detail><OptionType>FILE_NAME_DE</OptionType></Delivery_Option_Detail><Delivery_Option_Detail><OptionType>KEY</OptionType></Delivery_Option_Detail><Delivery_Option_Detail><OptionType>LOCALE</OptionType></Delivery_Option_Detail><Delivery_Option_Detail><OptionType>OBJECT_ID</OptionType></Delivery_Option_Detail><Delivery_Option_Detail><OptionType>OBJECT_TYPE</OptionType></Delivery_Option_Detail><Delivery_Option_Detail><OptionType>SYSTEM_DOCUMENT_TYPE</OptionType></Delivery_Option_Detail><Delivery_Option_Detail><OptionType>TIMEZONE</OptionType></Delivery_Option_Detail><Delivery_Option_Detail><OptionType>ZIP</OptionType></Delivery_Option_Detail></Delivery_Option><Report_Category><CategoryName>YK_I002_CHG_V1</CategoryName><ShortName>EXT300000092687711</ShortName><DefaultCategory>Y</DefaultCategory><SourceRepCatId>300000092687722</SourceRepCatId><Report_Category_Component><DeliveryOptionName>Data</DeliveryOptionName><DeliveryOptionName>Data_eText</DeliveryOptionName></Report_Category_Component></Report_Category><Extract_Parameter><ParamName>Baseline Only</ParamName><EssParamName>BASELINE_ONLY</EssParamName><XmlTagName>baseline_only</XmlTagName><DataType>T</DataType><DescriptionInParam>Baseline Only</DescriptionInParam><AllowedInExpression>Y</AllowedInExpression><Generated>Y</Generated><DisplayFlag>Y</DisplayFlag><ParamDispType>LK</ParamDispType><ParamLookup>YES_NO</ParamLookup><ParamSequence>10</ParamSequence><ParamUsageType>INPUT</ParamUsageType></Extract_Parameter><Extract_Parameter><ParamName>Changes Only</ParamName><EssParamName>CHANGES_ONLY</EssParamName><XmlTagName>changes_only</XmlTagName><DataType>T</DataType><DescriptionInParam>Changes Only</DescriptionInParam><AllowedInExpression>Y</AllowedInExpression><Generated>Y</Generated><DisplayFlag>Y</DisplayFlag><ParamDispType>LK</ParamDispType><ParamLookup>PER_EXT_CHANGES_ONLY</ParamLookup><ParamSequence>20</ParamSequence><ParamUsageType>INPUT</ParamUsageType></Extract_Parameter><Extract_Parameter><ParamName>Effective Date</ParamName><EssParamName>EFFECTIVE_DATE</EssParamName><XmlTagName>effective_date</XmlTagName><DataType>D</DataType><DescriptionInParam>Effective Date</DescriptionInParam><AllowedInExpression>Y</AllowedInExpression><Generated>Y</Generated><DisplayFlag>Y</DisplayFlag><ParamSequence>30</ParamSequence><ParamUsageType>INPUT</ParamUsageType></Extract_Parameter><Extract_Parameter><ParamName>Legislative Data Group</ParamName><EssParamName>LEGISLATIVE_DATA_GROUP_ID</EssParamName><XmlTagName>legislative_data_group_id</XmlTagName><DataType>N</DataType><DescriptionInParam>Legislative Data Group</DescriptionInParam><AllowedInExpression>Y</AllowedInExpression><Generated>Y</Generated><DisplayFlag>N</DisplayFlag><ParamSequence>40</ParamSequence><ParamUsageType>INPUT</ParamUsageType></Extract_Parameter><Extract_Parameter><ParamName>Parameter Group</ParamName><EssParamName>PARAMETER_GROUP_ID</EssParamName><XmlTagName>parameter_group_id</XmlTagName><DataType>N</DataType><DescriptionInParam>Parameter Group</DescriptionInParam><AllowedInExpression>N</AllowedInExpression><Generated>Y</Generated><DisplayFlag>N</DisplayFlag><ParamSequence>50</ParamSequence><ParamUsageType>INPUT</ParamUsageType></Extract_Parameter><Extract_Parameter><ParamName>Report Category</ParamName><EssParamName>REPORT_CATEGORY_ID</EssParamName><XmlTagName>report_category_id</XmlTagName><DataType>N</DataType><DescriptionInParam>Report Category</DescriptionInParam><AllowedInExpression>N</AllowedInExpression><Generated>Y</Generated><DisplayFlag>N</DisplayFlag><ParamSequence>60</ParamSequence><ParamUsageType>INPUT</ParamUsageType></Extract_Parameter><Extract_Parameter><ParamName>Request ID</ParamName><EssParamName>REQUEST_ID</EssParamName><XmlTagName>request_id</XmlTagName><DataType>N</DataType><DescriptionInParam>Request ID</DescriptionInParam><AllowedInExpression>N</AllowedInExpression><Generated>Y</Generated><DisplayFlag>N</DisplayFlag><ParamSequence>70</ParamSequence><ParamUsageType>INPUT</ParamUsageType></Extract_Parameter><Extract_Parameter><ParamName>Start Date</ParamName><EssParamName>START_DATE</EssParamName><XmlTagName>start_date</XmlTagName><DataType>D</DataType><DescriptionInParam>Start Date</DescriptionInParam><AllowedInExpression>Y</AllowedInExpression><Generated>Y</Generated><DisplayFlag>N</DisplayFlag><ParamSequence>80</ParamSequence><ParamUsageType>INPUT</ParamUsageType></Extract_Parameter></Extract_Definition>