<?xml version = '1.0' encoding = 'UTF-8'?>
<Extract_Definition><DefinitionName>YK_PH001_V2</DefinitionName><XmlTagName>YK_PH001_V2</XmlTagName><ExtTypeCode>FULLPRF</ExtTypeCode><DateStart>2000-01-01</DateStart><Attribute14>EXL_INT</Attribute14><Status>A</Status><BaseDefinitionName>YK_PH001_V2</BaseDefinitionName><IncludeChangesFromLastSuccessfulRun>N</IncludeChangesFromLastSuccessfulRun><LargeExtract>N</LargeExtract><ExtractVendor>ORA_REPORT</ExtractVendor><HideInternalUE>EXL_INT</HideInternalUE><Extract_Block><BaseUserEntityName>PER_EXT_RESET_UE</BaseUserEntityName><BlockName>PH001_DG</BlockName><XmlTagName>PH001_DG</XmlTagName><MainBlockFlag>Y</MainBlockFlag><BaseBlockName>PH001_DG</BaseBlockName></Extract_Block><Delivery_Option><DateFrom>2000-01-01</DateFrom><DateTo>4712-12-31</DateTo><BipReportName>stable.hcm/YAS/Report/Position_Hierarchy_Report.xdo</BipReportName><BipTemplateName>Position_Hierarchy_Temp</BipTemplateName><DeliveryOptionName>DATA_eText</DeliveryOptionName><DeliveryType>NONE</DeliveryType><CalendarCode>GREGORIAN</CalendarCode><OutputName>DATA_eText</OutputName><OutputType>TEXT</OutputType><MandatoryFlag>Y</MandatoryFlag><CreationDate>2025-08-24 19:57:05.755</CreationDate><Delivery_Option_Detail><OptionType>BURSTING</OptionType></Delivery_Option_Detail><Delivery_Option_Detail><OptionType>FILE_NAME_DE</OptionType></Delivery_Option_Detail><Delivery_Option_Detail><OptionType>KEY</OptionType></Delivery_Option_Detail><Delivery_Option_Detail><OptionType>LOCALE</OptionType></Delivery_Option_Detail><Delivery_Option_Detail><OptionType>OBJECT_ID</OptionType></Delivery_Option_Detail><Delivery_Option_Detail><OptionType>OBJECT_TYPE</OptionType></Delivery_Option_Detail><Delivery_Option_Detail><OptionType>SYSTEM_DOCUMENT_TYPE</OptionType></Delivery_Option_Detail><Delivery_Option_Detail><OptionType>TIMEZONE</OptionType></Delivery_Option_Detail><Delivery_Option_Detail><OptionType>ZIP</OptionType></Delivery_Option_Detail></Delivery_Option><Report_Category><CategoryName>YK_PH001_V2</CategoryName><ShortName>EXT300000092366488</ShortName><DefaultCategory>Y</DefaultCategory><SourceRepCatId>300000092366497</SourceRepCatId><Report_Category_Component><DeliveryOptionName>DATA_eText</DeliveryOptionName></Report_Category_Component></Report_Category><Extract_Parameter><ParamName>Effective Date</ParamName><EssParamName>EFFECTIVE_DATE</EssParamName><XmlTagName>effective_date</XmlTagName><DataType>D</DataType><DescriptionInParam>Effective Date</DescriptionInParam><AllowedInExpression>Y</AllowedInExpression><Generated>Y</Generated><DisplayFlag>Y</DisplayFlag><ParamSequence>10</ParamSequence><ParamUsageType>INPUT</ParamUsageType></Extract_Parameter><Extract_Parameter><ParamName>Legislative Data Group</ParamName><EssParamName>LEGISLATIVE_DATA_GROUP_ID</EssParamName><XmlTagName>legislative_data_group_id</XmlTagName><DataType>N</DataType><DescriptionInParam>Legislative Data Group</DescriptionInParam><AllowedInExpression>Y</AllowedInExpression><Generated>Y</Generated><DisplayFlag>N</DisplayFlag><ParamSequence>20</ParamSequence><ParamUsageType>INPUT</ParamUsageType></Extract_Parameter><Extract_Parameter><ParamName>Parameter Group</ParamName><EssParamName>PARAMETER_GROUP_ID</EssParamName><XmlTagName>parameter_group_id</XmlTagName><DataType>N</DataType><DescriptionInParam>Parameter Group</DescriptionInParam><AllowedInExpression>N</AllowedInExpression><Generated>Y</Generated><DisplayFlag>N</DisplayFlag><ParamSequence>30</ParamSequence><ParamUsageType>INPUT</ParamUsageType></Extract_Parameter><Extract_Parameter><ParamName>Report Category</ParamName><EssParamName>REPORT_CATEGORY_ID</EssParamName><XmlTagName>report_category_id</XmlTagName><DataType>N</DataType><DescriptionInParam>Report Category</DescriptionInParam><AllowedInExpression>N</AllowedInExpression><Generated>Y</Generated><DisplayFlag>N</DisplayFlag><ParamSequence>40</ParamSequence><ParamUsageType>INPUT</ParamUsageType></Extract_Parameter><Extract_Parameter><ParamName>Request ID</ParamName><EssParamName>REQUEST_ID</EssParamName><XmlTagName>request_id</XmlTagName><DataType>N</DataType><DescriptionInParam>Request ID</DescriptionInParam><AllowedInExpression>N</AllowedInExpression><Generated>Y</Generated><DisplayFlag>N</DisplayFlag><ParamSequence>50</ParamSequence><ParamUsageType>INPUT</ParamUsageType></Extract_Parameter><Extract_Parameter><ParamName>Start Date</ParamName><EssParamName>START_DATE</EssParamName><XmlTagName>start_date</XmlTagName><DataType>D</DataType><DescriptionInParam>Start Date</DescriptionInParam><AllowedInExpression>Y</AllowedInExpression><Generated>Y</Generated><DisplayFlag>N</DisplayFlag><ParamSequence>60</ParamSequence><ParamUsageType>INPUT</ParamUsageType></Extract_Parameter></Extract_Definition>